SALE TYPE,SOLD DATE,PROPERTY TYPE,ADDRESS,CITY,STATE OR PROVINCE,ZIP OR POSTAL CODE,PRICE,BEDS,BATHS,LOCATION,SQUARE FEET,LOT SIZE,YEAR BUILT,DAYS ON MARKET,$/SQUARE FEET,HOA/MONTH,STATUS,NEXT OPEN HOUSE START TIME,NEXT OPEN HOUSE END TIME,URL (SEE http://www.redfin.com/buy-a-home/comparative-market-analysis FOR INFO ON PRICING),SOURCE,MLS#,FAVORITE,INTERESTED,LATITUDE,LONGITUDE
PAST SALE,January-21-2021,Single Family Residential,9705 Port Huron Ln,Las Vegas,NV,89134,375000,4,3.0,Amarante At Summerlin,1900,4792,1993,259,197,50,Sold,,,http://www.redfin.com/NV/Las-Vegas/9705-Port-Huron-Ln-89134/home/29156203,GLVAR,2248373,N,Y,36.202963,-115.3063766
PAST SALE,October-9-2019,Single Family Residential,4535 Maulding Ave,Las Vegas,NV,89139,455000,3,2.5,RE ESTATES,2234,22216,1976,729,204,,Sold,,,http://www.redfin.com/NV/Las-Vegas/4535-W-Maulding-Ave-89139/home/29596602,GLVAR,2115458,N,Y,36.0513892,-115.202417
PAST SALE,January-25-2021,Single Family Residential,608 Jones Blvd,Las Vegas,NV,89107,296900,4,3.0,Charleston Heights Tr #45C,2128,8276,1964,255,140,,Sold,,,http://www.redfin.com/NV/Las-Vegas/608-N-Jones-Blvd-89107/home/145536193,GLVAR,2247268,N,Y,36.179096,-115.2236054
PAST SALE,September-8-2021,Single Family Residential,2705 Cherry Springs Ct,Las Vegas,NV,89117,485000,4,3.0,Style At The Lakes Amd,2148,4792,1987,29,226,22,Sold,,,http://www.redfin.com/NV/Las-Vegas/2705-Cherry-Springs-Ct-89117/home/29531021,GLVAR,2319180,N,Y,36.1425916,-115.2954034
PAST SALE,May-6-2021,Single Family Residential,2874 Tori Way,Henderson,NV,89074,372000,3,2.0,Shenandoah Ridge-Amd,1364,6098,1989,154,273,,Sold,,,http://www.redfin.com/NV/Henderson/2874-Tori-Way-89074/home/29617689,GLVAR,2278862,N,Y,36.0395343,-115.1127388
PAST SALE,December-20-2019,Single Family Residential,3202 Panamint Ct,North Las Vegas,NV,89032,242500,3,2.0,GOWAN EST,1540,6534,1996,657,157,,Sold,,,http://www.redfin.com/NV/North-Las-Vegas/3202-Panamint-Ct-89032/home/29248718,GLVAR,2146448,N,Y,36.2272614,-115.1834274
PAST SALE,March-18-2021,Single Family Residential,1826 Indian Rock Rd,North Las Vegas,NV,89031,300000,3,2.0,Eldorado #9-R1-60 #6,1826,6970,1999,203,164,10,Sold,,,http://www.redfin.com/NV/North-Las-Vegas/1826-Indian-Rock-Rd-89031/home/29077828,GLVAR,2269456,N,Y,36.2727884,-115.1684664
PAST SALE,May-18-2021,Single Family Residential,2290 Tenaya Way,Las Vegas,NV,89117,650000,4,2.5,,2760,20473,1982,142,236,,Sold,,,http://www.redfin.com/NV/Las-Vegas/2290-S-Tenaya-Way-89117/home/29520628,GLVAR,2268819,N,Y,36.1463258,-115.251669
PAST SALE,September-25-2020,Single Family Residential,7943 Long Beach St,Las Vegas,NV,89139,288000,3,2.0,Blue Diamond Ranch,1314,4356,2001,377,219,13,Sold,,,http://www.redfin.com/NV/Las-Vegas/7943-Long-Beach-St-89139/home/29901530,GLVAR,2226011,N,Y,36.0454923,-115.207419
PAST SALE,August-27-2021,Single Family Residential,9516 Echo Glen Dr,Las Vegas,NV,89117,450000,4,3.0,Vista Del Lago,2132,5227,1988,41,211,77,Sold,,,http://www.redfin.com/NV/Las-Vegas/9516-Echo-Glen-Dr-89117/home/29531344,GLVAR,2317287,N,Y,36.13175,-115.3031356
PAST SALE,March-16-2020,Single Family Residential,5016 Stone Bay Ave,Las Vegas,NV,89131,348000,4,2.5,PAVONA EST,2177,5227,2004,570,160,48,Sold,,,http://www.redfin.com/NV/Las-Vegas/5016-Stone-Bay-Ave-89131/home/28984783,GLVAR,2167221,N,Y,36.2945702,-115.2095494
PAST SALE,November-5-2019,Single Family Residential,852 Wallach Ave,Las Vegas,NV,89123,265000,2,2.0,MARYLAND PEBBLE,1179,4792,1997,702,225,15,Sold,,,http://www.redfin.com/NV/Las-Vegas/852-Wallach-Ave-89123/home/29631287,GLVAR,2139929,N,Y,36.0264338,-115.1439623
PAST SALE,January-14-2021,Single Family Residential,8229 Antler Pines Ct,Las Vegas,NV,89149,485000,5,3.0,Deer Spgs Ranch,3165,6970,1998,266,153,32,Sold,,,http://www.redfin.com/NV/Las-Vegas/8229-Antler-Pines-Ct-89149/home/29091908,GLVAR,2244054,N,Y,36.2822588,-115.2758406
PAST SALE,February-28-2020,Single Family Residential,3640 Via Marliana,Henderson,NV,89052,310000,3,2.5,VILLAGE OF AVELLINO-UNIT 3 AMD,1626,3049,2013,587,191,95,Sold,,,http://www.redfin.com/NV/Henderson/3640-Via-Marliana-89052/home/52628191,GLVAR,2168115,N,Y,35.9863076,-115.1473902
PAST SALE,December-3-2020,Single Family Residential,7182 Steubling Glen St,North Las Vegas,NV,89084,310000,3,3.0,Square At North Ranch Amd,2036,3485,2017,308,152,70,Sold,,,http://www.redfin.com/NV/North-Las-Vegas/7182-Steubling-Glen-St-89084/home/143188411,GLVAR,2242088,N,Y,36.2906106,-115.138497
PAST SALE,January-28-2021,Single Family Residential,7133 Pipers Run Pl,North Las Vegas,NV,89084,419000,3,2.0,"Aliante Parcels 31A,31B & 31C",1992,6098,2006,252,210,45,Sold,,,http://www.redfin.com/NV/North-Las-Vegas/7133-Pipers-Run-Pl-89084/home/29226378,GLVAR,2249450,N,Y,36.2906714,-115.1720099
PAST SALE,May-29-2020,Single Family Residential,33 Pine Blossom Ave,Las Vegas,NV,89031,260000,3,2.5,Sierra Ranch-Village 4 Unit 2,1622,3920,2008,496,160,113,Sold,,,http://www.redfin.com/NV/North-Las-Vegas/33-Pine-Blossom-Ave-89031/home/29269932,GLVAR,2191880,N,Y,36.2654822,-115.1408123
PAST SALE,July-26-2021,Single Family Residential,6109 Casa Antiqua St,North Las Vegas,NV,89081,348000,3,3.0,Terracina,1959,3485,2004,73,178,62,Sold,,,http://www.redfin.com/NV/North-Las-Vegas/6109-Casa-Antiqua-St-89081/home/29016512,GLVAR,2308947,N,Y,36.2711798,-115.0982842
PAST SALE,November-8-2019,Single Family Residential,5102 Silent Valley Ave,Las Vegas,NV,89139,275000,3,2.5,SUNSET PASS UNIT 2,1739,3049,2007,699,158,50,Sold,,,http://www.redfin.com/NV/Las-Vegas/5102-Silent-Valley-Ct-89139/home/29054468,GLVAR,2131641,N,Y,36.0347518,-115.2109388
PAST SALE,August-13-2021,Single Family Residential,6993 Point Cabrillo Ct,Las Vegas,NV,89113,400000,3,2.0,Shadowbrook Falls,1600,4356,2004,55,250,70,Sold,,,http://www.redfin.com/NV/Las-Vegas/6993-Point-Cabrillo-Ct-89113/home/28980145,GLVAR,2311156,N,Y,36.0440773,-115.2451627
PAST SALE,September-23-2021,Single Family Residential,8735 Glennaire Way,Las Vegas,NV,89123,575000,4,3.0,Maryland Pebble,2313,12632,1996,14,249,29,Sold,,,http://www.redfin.com/NV/Las-Vegas/8735-Glennaire-Way-89123/home/29625370,GLVAR,2325688,N,Y,36.0309615,-115.1383108
PAST SALE,September-11-2020,Single Family Residential,2745 Mccoy Dr,Las Vegas,NV,89134,340000,2,2.0,Sun City Summerlin,1629,7841,1990,391,209,122,Sold,,,http://www.redfin.com/NV/Las-Vegas/2745-McCoy-Dr-89134/home/29153594,GLVAR,2207810,N,Y,36.2108743,-115.3045709
PAST SALE,July-21-2020,Single Family Residential,677 Riverband,Henderson,NV,89052,414000,3,2.0,Southfork Parcel 1,1728,6534,1998,443,240,28,Sold,,,http://www.redfin.com/NV/Henderson/677-Riverband-Pl-89052/home/29637042,GLVAR,2202471,N,Y,36.005825,-115.1084766
PAST SALE,May-14-2020,Single Family Residential,7501 Central Butte,Las Vegas,NV,89129,300000,3,2.0,Pioneer Est West-Phase 7,1884,6970,1998,511,159,,Sold,,,http://www.redfin.com/NV/Las-Vegas/7501-W-Central-Butte-Ave-89129/home/29129363,GLVAR,2189293,N,Y,36.225928,-115.2584298
PAST SALE,September-14-2020,Single Family Residential,9844 Serona Heights Ct,Las Vegas,NV,89178,375000,4,2.5,Via Valencia Via Ventura,2044,3920,2007,388,183,25,Sold,,,http://www.redfin.com/NV/Las-Vegas/9844-S-Serona-Heights-Ct-89178/home/29046075,GLVAR,2217484,N,Y,36.0093571,-115.283689
PAST SALE,December-21-2020,Single Family Residential,4349 E Azure Ave,Las Vegas,NV,89115,290000,4,3.0,Lamb & Tropical,2070,4356,2006,290,140,55,Sold,,,http://www.redfin.com/NV/Las-Vegas/4349-E-Azure-Ave-89115/home/28964194,GLVAR,2249458,N,Y,36.2727826,-115.0779447
PAST SALE,May-7-2020,Single Family Residential,1225 Triumph,Las Vegas,NV,89117,365000,4,2.5,Signature At Peccole Ranch 2- Unit 4,2080,4792,1992,518,175,100,Sold,,,http://www.redfin.com/NV/Las-Vegas/1225-Triumph-Ct-89117/home/29526333,GLVAR,2178562,N,Y,36.1563698,-115.3019781
PAST SALE,October-16-2020,Single Family Residential,689 Brandy Hill Pl,Henderson,NV,89052,450000,5,3.0,Southfork Parcel 4,2745,7841,2002,356,164,63,Sold,,,http://www.redfin.com/NV/Henderson/689-Brandy-Hill-Pl-89052/home/29876057,GLVAR,2225599,N,Y,36.0078285,-115.1044924
PAST SALE,,Single Family Residential,8336 Granite Peak Ct,Las Vegas,NV,89145,237000,3,2.0,,1423,3920,1992,,167,,,,,http://www.redfin.com/NV/Las-Vegas/8336-Granite-Peak-Ct-89145/home/29215779,,,N,Y,36.1670231,-115.2751229
PAST SALE,October-2-2020,Single Family Residential,7033 Whispering Falls Dr,North Las Vegas,NV,89084,343000,4,3.5,Tierra Santa Phase 1,2202,4356,2017,370,156,70,Sold,,,http://www.redfin.com/NV/North-Las-Vegas/7033-Whispering-Fls-89084/home/144625131,GLVAR,2208988,N,Y,36.288456,-115.136021
PAST SALE,April-13-2021,Single Family Residential,9329 Sienna Vista Dr,Las Vegas,NV,89117,621500,4,3.0,Sienna Ridge,2352,6098,1994,177,264,146,Sold,,,http://www.redfin.com/NV/Las-Vegas/9329-Sienna-Vista-Dr-89117/home/29523314,GLVAR,2278835,N,Y,36.154483,-115.297871
PAST SALE,July-23-2021,Single Family Residential,107 Siddall Ave,Las Vegas,NV,89183,925000,4,3.0,Siddall & Haven,3020,20473,2013,76,306,,Sold,,,http://www.redfin.com/NV/Las-Vegas/107-Siddall-Ave-89183/home/52626525,GLVAR,2298780,N,Y,35.9899083,-115.1679337
PAST SALE,October-27-2020,Single Family Residential,1125 Aspen Valley Ave,Las Vegas,NV,89123,485000,4,3.0,Moondance,3203,8276,1998,345,151,25,Sold,,,http://www.redfin.com/NV/Las-Vegas/1125-Aspen-Valley-Ave-89123/home/29632007,GLVAR,2237780,N,Y,36.0215583,-115.1386814
PAST SALE,September-29-2020,Single Family Residential,2024 Humble Holw,North Las Vegas,NV,89084,435000,3,3.0,Aliante Parcels 30A & 30B,2700,6970,2006,373,161,39,Sold,,,http://www.redfin.com/NV/North-Las-Vegas/2024-Humble-Hollow-Pl-89084/home/29178416,GLVAR,2198764,N,Y,36.2884902,-115.1718246
PAST SALE,November-13-2020,Single Family Residential,6125 Gray Wolf River Way,Las Vegas,NV,89149,675000,4,3.0,Fort Apache & Regena,3617,18295,2013,328,187,76,Sold,,,http://www.redfin.com/NV/Las-Vegas/6125-Gray-Wolf-River-Way-89149/home/52629509,GLVAR,2223271,N,Y,36.2720676,-115.2967693
PAST SALE,January-13-2020,Single Family Residential,928 Glamis Cir,North Las Vegas,NV,89032,205000,2,2.0,HIGHLAND HILLS UNIT 1,959,4356,1996,633,214,,Sold,,,http://www.redfin.com/NV/North-Las-Vegas/928-Glamis-Cir-89032/home/29253631,GLVAR,2155867,N,Y,36.2316897,-115.1556819
PAST SALE,March-29-2021,Single Family Residential,7408 Shelduck St,North Las Vegas,NV,89084,282000,2,2.0,Sun City Aliante Phase 2,1157,3920,2007,192,244,67,Sold,,,http://www.redfin.com/NV/North-Las-Vegas/7408-Shelduck-St-89084/home/29266910,GLVAR,2272035,N,Y,36.2953792,-115.173052
PAST SALE,May-27-2020,Single Family Residential,5144 Silent Vly,Las Vegas,NV,89139,280000,3,2.5,Sunset Pass Unit 2,1739,2614,2007,498,161,50,Sold,,,http://www.redfin.com/NV/Las-Vegas/5144-Silent-Valley-Ct-89139/home/29054461,GLVAR,2191274,N,Y,36.0348575,-115.2113557
PAST SALE,June-26-2020,Single Family Residential,7565 Garden Vlg,Las Vegas,NV,89113,257000,3,2.5,Hampton Village At Nevada Trails,1444,2178,2006,468,178,30,Sold,,,http://www.redfin.com/NV/Las-Vegas/7565-Garden-Village-Ln-89113/home/29034764,GLVAR,2198769,N,Y,36.0508695,-115.2607627
PAST SALE,December-11-2019,Single Family Residential,4405 Acropolis Ave,North Las Vegas,NV,89031,227500,3,2.5,MARAVILLA UNIT 1,1586,2614,2004,666,143,115,Sold,,,http://www.redfin.com/NV/North-Las-Vegas/4405-Acropolis-Ave-89031/home/28977719,GLVAR,2149904,N,Y,36.2646489,-115.2003328
PAST SALE,April-22-2020,Single Family Residential,5605 Distant Drum St,North Las Vegas,NV,89081,310000,3,2.5,ROSE LAKE UNIT 1E,1835,7405,2006,533,169,35,Sold,,,http://www.redfin.com/NV/North-Las-Vegas/5605-Distant-Drum-St-89081/home/29048841,GLVAR,2174330,N,Y,36.2621198,-115.1031025
PAST SALE,May-28-2021,Single Family Residential,6128 River Belle St,North Las Vegas,NV,89031,375000,3,2.5,Riverwalk Ranch Twilight,2451,5227,2011,132,153,54,Sold,,,http://www.redfin.com/NV/North-Las-Vegas/6128-River-Belle-St-89031/home/40233188,GLVAR,2279765,N,Y,36.2718624,-115.1994992
PAST SALE,May-4-2020,Single Family Residential,2341 Golden Blossom Ct,Las Vegas,NV,89134,370000,3,2.0,Willow Tree #2 By Lewis Homes,1838,6098,1994,521,201,,Sold,,,http://www.redfin.com/NV/Las-Vegas/2341-Golden-Blossom-Ct-89134/home/29149175,GLVAR,2187165,N,Y,36.2040647,-115.2917919
PAST SALE,November-13-2019,Single Family Residential,7417 Silurian St,Las Vegas,NV,89139,235000,3,2.5,WARM SPRINGS BRONCO AT PINNACL,1230,1742,2005,694,191,78,Sold,,,http://www.redfin.com/NV/Las-Vegas/7417-Silurian-St-89139/home/29035276,GLVAR,2136286,N,Y,36.0541286,-115.2301584
PAST SALE,March-19-2021,Single Family Residential,6905 Raleigh Ave,Las Vegas,NV,89108,330000,3,2.0,Rosewood Estate,1576,8712,1986,202,209,,Sold,,,http://www.redfin.com/NV/Las-Vegas/6905-W-Raleigh-Ave-89108/home/29129564,GLVAR,2264351,N,Y,36.2313259,-115.2449312
PAST SALE,July-20-2020,Single Family Residential,7721 Kiowa Pointe,Las Vegas,NV,89131,437500,4,3.0,Appaloosa Canyon,2387,7841,2000,444,183,65,Sold,,,http://www.redfin.com/NV/Las-Vegas/7721-Kiowa-Point-St-89131/home/29844641,GLVAR,2202482,N,Y,36.3019475,-115.2782484
PAST SALE,September-29-2021,Single Family Residential,5316 Variety Ave,North Las Vegas,NV,89031,335700,3,2.0,Pipers Glen Phase 3,1385,5663,1999,8,242,,Sold,,,http://www.redfin.com/NV/North-Las-Vegas/5316-Variety-Ave-89031/home/29080792,GLVAR,2321346,N,Y,36.2566625,-115.2019539
PAST SALE,June-29-2021,Single Family Residential,9011 Winthrop Springs Rd,Las Vegas,NV,89139,375000,4,3.0,Blue Diamond & Westwind,1615,3049,2010,100,232,50,Sold,,,http://www.redfin.com/NV/Las-Vegas/9011-S-Winthrop-Springs-Rd-89139/home/40548092,GLVAR,2290151,N,Y,36.0258106,-115.2222392
PAST SALE,June-25-2021,Single Family Residential,3945 Hampton Grove Ct,Las Vegas,NV,89129,401000,4,2.5,Canyon Meadows,2090,6098,1998,104,192,,Sold,,,http://www.redfin.com/NV/Las-Vegas/3945-Hampton-Grove-Ct-89129/home/29121202,GLVAR,2290221,N,Y,36.2328071,-115.3073026
PAST SALE,December-8-2020,Single Family Residential,8576 Fox Brook St,Las Vegas,NV,89139,405000,4,2.5,Napa Ridge Phase 2,2171,4792,2018,303,187,14,Sold,,,http://www.redfin.com/NV/Las-Vegas/8576-Fox-Brook-St-89139/home/166557678,GLVAR,2243547,N,Y,36.032646,-115.241655
PAST SALE,June-30-2020,Single Family Residential,2024 Fred Brown Dr,Las Vegas,NV,89106,217000,4,2.0,Whispering Timbers,1548,4792,2001,464,140,50,Sold,,,http://www.redfin.com/NV/Las-Vegas/2024-Fred-Brown-Dr-89106/home/29860210,GLVAR,2197009,N,Y,36.1967231,-115.1616342
PAST SALE,October-2-2020,Single Family Residential,7285 Mer Soliel Ct,Las Vegas,NV,89118,405000,5,3.0,Warm Spgs / Jones,2641,3485,2018,370,153,24,Sold,,,http://www.redfin.com/NV/Las-Vegas/7285-Mer-Soliel-Ct-89118/home/146416878,GLVAR,2215603,N,Y,36.0565317,-115.2327781
PAST SALE,April-30-2021,Single Family Residential,7288 Plushstone St,Las Vegas,NV,89148,308000,3,2.5,Richmond At Rhodes Ranch,1358,2178,2004,160,227,35,Sold,,,http://www.redfin.com/NV/Las-Vegas/7288-Plushstone-St-89148/home/28976660,GLVAR,2280668,N,Y,36.0560035,-115.2951719
PAST SALE,September-30-2021,Single Family Residential,8451 Antique Cameo Ave,Las Vegas,NV,89147,300000,2,2.0,Sapphaseire-Phase 3,989,4356,1999,7,303,43,Sold,,,http://www.redfin.com/NV/Las-Vegas/8451-Antique-Cameo-Ave-89147/home/29560329,GLVAR,2331292,N,Y,36.1113378,-115.275748
PAST SALE,May-14-2021,Single Family Residential,5941 Banbury Heights Way,Las Vegas,NV,89139,295000,3,2.5,Jones Moberly At Pinnacle Peaks,1476,3485,2003,146,200,48,Sold,,,http://www.redfin.com/NV/Las-Vegas/5941-Banbury-Heights-Way-89139/home/28965948,GLVAR,2277462,N,Y,36.0450694,-115.2231654
PAST SALE,July-30-2020,Single Family Residential,8620 Raindrop Canyon Ave,Las Vegas,NV,89129,390000,4,2.5,El Capitan Ranch,2653,5227,1999,434,147,18,Sold,,,http://www.redfin.com/NV/Las-Vegas/8620-Raindrop-Canyon-Ave-89129/home/29125248,GLVAR,2204128,N,Y,36.2268009,-115.282161
PAST SALE,September-30-2021,Single Family Residential,7787 Minas Ridge Dr,Las Vegas,NV,89178,474900,4,3.0,Tacinga Ridge,2615,3920,2014,7,182,55,Sold,,,http://www.redfin.com/NV/Las-Vegas/7787-Minas-Ridge-Dr-89178/home/92906190,GLVAR,2329081,N,Y,35.9992597,-115.2612777
PAST SALE,February-10-2021,Single Family Residential,7613 Tiffany Lamp Ct,Las Vegas,NV,89149,285000,3,2.5,Astoria At Town Center-North,1817,1742,2014,239,157,80,Sold,,,http://www.redfin.com/NV/Las-Vegas/7613-Tiffany-Lamp-Ct-89149/home/92904905,GLVAR,2259981,N,Y,36.2995975,-115.2901714
PAST SALE,December-9-2019,Single Family Residential,7487 Comanche Canyon Ave,Las Vegas,NV,89113,417500,3,2.0,NEVADA TRAILS R2-60 #3,2007,6534,2002,668,208,51,Sold,,,http://www.redfin.com/NV/Las-Vegas/7487-Comanche-Canyon-Ave-89113/home/29921203,GLVAR,2145078,N,Y,36.0460299,-115.2548179
PAST SALE,February-27-2020,Single Family Residential,6609 Scavenger Hunt St,North Las Vegas,NV,89084,330000,3,2.0,ALIANTE PARCEL 15,1918,7405,2006,588,172,61,Sold,,,http://www.redfin.com/NV/North-Las-Vegas/6609-Scavenger-Hunt-St-89084/home/29017935,GLVAR,2167634,N,Y,36.2806554,-115.1974613
PAST SALE,July-19-2021,Single Family Residential,1921 Coralino Dr,Henderson,NV,89074,495000,3,3.0,Silver Mill-Phase 1,2525,6098,1990,80,196,7,Sold,,,http://www.redfin.com/NV/Henderson/1921-Coralino-Dr-89074/home/29676429,GLVAR,2304524,N,Y,36.0400112,-115.0709021
PAST SALE,June-11-2021,Single Family Residential,2315 Little Italy Ave,North Las Vegas,NV,89031,295000,3,2.0,Tierra De Las Palmas Village 6,1230,5227,1999,118,240,22,Sold,,,http://www.redfin.com/NV/North-Las-Vegas/2315-Little-Italy-Ave-89031/home/29083338,GLVAR,2289716,N,Y,36.2469944,-115.1749511
PAST SALE,May-24-2021,Single Family Residential,4050 Midnight Crest Ave,North Las Vegas,NV,89031,417000,4,2.5,Centennial & Valley North,2381,4792,2019,136,175,63,Sold,,,http://www.redfin.com/NV/North-Las-Vegas/4050-Midnight-Crest-Ave-89031/home/167610930,GLVAR,2278728,N,Y,36.2758742,-115.1943581
PAST SALE,October-23-2020,Single Family Residential,72 Tidwell Ln,Henderson,NV,89074,333000,3,2.5,Morningside 2 Amd,1331,7405,1989,349,250,10,Sold,,,http://www.redfin.com/NV/Henderson/72-Tidwell-Ln-89074/home/29620881,GLVAR,2231782,N,Y,36.0322187,-115.1073184
PAST SALE,June-2-2021,Single Family Residential,3353 Villa Fiori Ave,Las Vegas,NV,89141,300000,3,3.0,Villa Fiori,1552,2178,2005,127,193,45,Sold,,,http://www.redfin.com/NV/Las-Vegas/3353-Villa-Fiori-Ave-89141/home/29040661,GLVAR,2284427,N,Y,35.9930646,-115.1850948
PAST SALE,June-18-2021,Single Family Residential,6 Barton Spring Cir,Henderson,NV,89074,465000,3,2.0,Sandcastle 2,1603,6534,1992,111,290,,Sold,,,http://www.redfin.com/NV/Henderson/6-Barton-Spring-Cir-89074/home/29683092,GLVAR,2293867,N,Y,36.0262528,-115.0791957
PAST SALE,June-22-2021,Single Family Residential,8409 Bay Point Dr,Las Vegas,NV,89128,572500,4,3.5,Horizons,3152,7405,1993,107,182,65,Sold,,,http://www.redfin.com/NV/Las-Vegas/8409-Bay-Point-Dr-89128/home/29142894,GLVAR,2286494,N,Y,36.2077076,-115.2765815
PAST SALE,June-30-2020,Single Family Residential,3605 Inverness Grv,North Las Vegas,NV,89081,295000,2,2.0,Runvee Hobart,1585,5227,2007,464,186,208,Sold,,,http://www.redfin.com/NV/North-Las-Vegas/3605-Inverness-Grove-Ave-89081/home/29264282,GLVAR,2197364,N,Y,36.2670245,-115.0966163
PAST SALE,June-30-2021,Single Family Residential,1017 Vegas Palm Ave,North Las Vegas,NV,89032,365000,3,2.0,Craig & Palm,1810,6098,2016,99,202,66,Sold,,,http://www.redfin.com/NV/North-Las-Vegas/1017-Vegas-Palm-Ave-89032/home/89128933,GLVAR,2292043,N,Y,36.2372361,-115.1567241
PAST SALE,May-11-2020,Single Family Residential,1730 Council Bluff Ln,North Las Vegas,NV,89031,240000,3,2.0,Eldorado 3-Rcl #10B,1293,4792,1996,514,186,,Sold,,,http://www.redfin.com/NV/North-Las-Vegas/1730-Council-Bluff-Ln-89031/home/29077322,GLVAR,2188660,N,Y,36.2707733,-115.1664747
PAST SALE,March-25-2020,Single Family Residential,2301 Crooked Creek Ave,Las Vegas,NV,89123,277000,3,2.5,VILLA SEDONA,1710,2178,2001,561,162,137,Sold,,,http://www.redfin.com/NV/Las-Vegas/2301-Crooked-Creek-Ave-89123/home/29835287,GLVAR,2169933,N,Y,36.0524308,-115.1197343
PAST SALE,June-10-2021,Single Family Residential,9720 Floweret Ave,Las Vegas,NV,89117,385000,2,2.0,Peccole Ranch At Pt Amd,1321,4356,1999,119,291,50,Sold,,,http://www.redfin.com/NV/Las-Vegas/9720-Floweret-Ave-89117/home/29525588,GLVAR,2291675,N,Y,36.1500626,-115.30846
PAST SALE,June-24-2021,Single Family Residential,8127 Lennox View Ln,Las Vegas,NV,89113,550000,4,3.5,Patrick & Rumrill,2496,4356,2017,105,220,58,Sold,,,http://www.redfin.com/NV/Las-Vegas/8127-Lennox-View-Ln-89113/home/144164051,GLVAR,2293803,N,Y,36.0742213,-115.268455
PAST SALE,July-30-2020,Single Family Residential,925 Cascade Lgt,North Las Vegas,NV,89031,375000,5,3.5,Granada Pointe,3293,9148,2006,434,114,40,Sold,,,http://www.redfin.com/NV/North-Las-Vegas/925-Cascade-Light-Ave-89031/home/29050089,GLVAR,2200270,N,Y,36.2498974,-115.1550797
PAST SALE,November-7-2019,Single Family Residential,7621 Buckskin Ave,Las Vegas,NV,89129,266000,3,2.0,FOXFIRE RANCH,1348,4356,1997,700,197,27,Sold,,,http://www.redfin.com/NV/Las-Vegas/7621-Buckskin-Ave-89129/home/29129046,GLVAR,2131565,N,Y,36.2221229,-115.2620186
PAST SALE,June-18-2021,Single Family Residential,1159 Appaloosa Hills Ave,North Las Vegas,NV,89081,303000,3,2.5,Centennial Bruce West 40,1595,2614,2005,111,190,74,Sold,,,http://www.redfin.com/NV/North-Las-Vegas/1159-Appaloosa-Hills-Ave-89081/home/29011821,GLVAR,2287520,N,Y,36.2753962,-115.1275634
PAST SALE,July-1-2020,Single Family Residential,8375 Belize Creek Ct,Las Vegas,NV,89113,350000,3,2.5,Pioneer & Shelbourne Ii,2019,4792,2016,463,173,31,Sold,,,http://www.redfin.com/NV/Las-Vegas/8375-Belize-Creek-Ct-89113/home/104499624,GLVAR,2190719,N,Y,36.0360996,-115.2574806
PAST SALE,April-9-2021,Single Family Residential,3729 Pecos Park Ave,North Las Vegas,NV,89081,342000,3,2.5,Pecos Park By Avante Homes,1960,5227,2007,181,174,43,Sold,,,http://www.redfin.com/NV/North-Las-Vegas/3729-Pecos-Park-Ave-89081/home/29016145,GLVAR,2270963,N,Y,36.273215,-115.0923746
PAST SALE,November-6-2020,Single Family Residential,7428 Fort Wilkins Dr,Las Vegas,NV,89129,393000,4,3.0,Pioneer Estate West-Phase 2,2387,6970,1994,335,165,,Sold,,,http://www.redfin.com/NV/Las-Vegas/7428-W-Fort-Wilkins-Dr-89129/home/29128608,GLVAR,2229743,N,Y,36.2294386,-115.2582678
PAST SALE,June-30-2020,Single Family Residential,4531 Allenford,Las Vegas,NV,89147,278000,3,2.5,Spring Valley Cottages,1574,4792,1990,464,177,14,Sold,,,http://www.redfin.com/NV/Las-Vegas/4531-Allenford-Dr-89147/home/29566095,GLVAR,2198056,N,Y,36.1064743,-115.2606757
PAST SALE,July-8-2021,Single Family Residential,8854 Mia Moore Ave,Las Vegas,NV,89147,470000,4,3.0,Palomita 2,2046,6534,1996,91,230,,Sold,,,http://www.redfin.com/NV/Las-Vegas/8854-Mia-Moore-Ave-89147/home/29554076,GLVAR,2293486,N,Y,36.1192318,-115.284754
PAST SALE,November-16-2020,Single Family Residential,1932 Old Mill Ln,Henderson,NV,89014,338500,3,3.0,Wilton Commons,1877,4792,1986,325,180,28,Sold,,,http://www.redfin.com/NV/Henderson/1932-Old-Mill-Ln-89014/home/29660885,GLVAR,2222759,N,Y,36.0542738,-115.0719678
PAST SALE,February-26-2021,Single Family Residential,4731 Siegfried St,Las Vegas,NV,89147,335500,3,2.0,Spring Valley,1555,6534,1988,223,216,14,Sold,,,http://www.redfin.com/NV/Las-Vegas/4731-Siegfried-St-89147/home/29566858,GLVAR,2260400,N,Y,36.1033261,-115.2558367
PAST SALE,July-17-2020,Single Family Residential,2552 Aviv,Las Vegas,NV,89121,580000,6,5.0,Paradise Island-Unit 2,4209,10019,1992,447,138,50,Sold,,,http://www.redfin.com/NV/Las-Vegas/2552-Aviv-Ct-89121/home/29473856,GLVAR,2191299,N,Y,36.1258224,-115.1152174
PAST SALE,May-20-2021,Single Family Residential,537 Ampere Ln,Las Vegas,NV,89145,515000,3,3.0,West Mesa Estate 1-Phase 8,2390,7841,1997,140,215,,Sold,,,http://www.redfin.com/NV/Las-Vegas/537-Ampere-Ln-89145/home/29214732,GLVAR,2286674,N,Y,36.1653358,-115.283064
PAST SALE,July-30-2020,Single Family Residential,404 Snow Dome Ave,North Las Vegas,NV,89031,272000,3,2.5,Sierra Ranch-Village 5,1751,3485,2006,434,155,113,Sold,,,http://www.redfin.com/NV/North-Las-Vegas/404-Snow-Dome-Ave-89031/home/29059600,GLVAR,2206611,N,Y,36.266721,-115.1358093
PAST SALE,August-3-2021,Single Family Residential,7130 Mineral Park Ave,Las Vegas,NV,89179,420000,3,2.5,Chaco Canyon At Mountains Edge,1831,5663,2007,65,229,42,Sold,,,http://www.redfin.com/NV/Las-Vegas/7130-Mineral-Park-Ave-89179/home/29769800,GLVAR,2307373,N,Y,35.9909765,-115.2484969
PAST SALE,May-28-2020,Single Family Residential,1720 Jack Rabbit,Las Vegas,NV,89128,372000,4,3.0,Salinas 2 Unit 1,1996,4792,1996,497,186,28,Sold,,,http://www.redfin.com/NV/Las-Vegas/1720-Jack-Rabbit-Way-89128/home/29166793,GLVAR,2183368,N,Y,36.1924309,-115.2644265
PAST SALE,November-24-2020,Single Family Residential,7056 Flathead River Ave,Las Vegas,NV,89179,340000,3,2.5,Denali-Amd,1945,4356,2017,317,175,90,Sold,,,http://www.redfin.com/NV/Las-Vegas/7056-Flathead-River-Ave-89179/home/144626390,GLVAR,2235831,N,Y,35.991009,-115.246861
PAST SALE,November-26-2019,Single Family Residential,3300 Heatherdale Ct,Las Vegas,NV,89108,300000,3,2.0,NEW COUNTRY #06,1503,13504,1983,681,200,,Sold,,,http://www.redfin.com/NV/Las-Vegas/3300-N-Heatherdale-Ct-89108/home/29133331,GLVAR,2146305,N,Y,36.2185854,-115.2253025
PAST SALE,November-8-2019,Single Family Residential,9492 Thatched Sunlight Ct,Las Vegas,NV,89178,335000,4,3.0,TWILIGHT SOUTH AT ARLINGTON RA,2404,6098,2006,699,139,40,Sold,,,http://www.redfin.com/NV/Las-Vegas/9492-Thatched-Sunlight-Ct-89178/home/29037567,GLVAR,2138288,N,Y,36.0158515,-115.2861431
PAST SALE,March-23-2021,Single Family Residential,7058 Fort Union Ct,Las Vegas,NV,89179,565000,5,3.0,Chaco Canyon At Mountains Edge- A,3790,6970,2006,198,149,42,Sold,,,http://www.redfin.com/NV/Las-Vegas/7058-Fort-Union-Ct-89179/home/29069269,GLVAR,2267890,N,Y,35.9856126,-115.2465751
PAST SALE,August-24-2021,Single Family Residential,6230 Tillman Crest Ave,Las Vegas,NV,89139,370000,4,2.5,Lamplight Square At Pinnacle Peaks,1705,3049,2004,44,217,156,Sold,,,http://www.redfin.com/NV/Las-Vegas/6230-Tillman-Crest-Ave-89139/home/29009181,GLVAR,2318276,N,Y,36.0352635,-115.2283463
PAST SALE,May-14-2021,Single Family Residential,2928 Hampton Bluff St,Las Vegas,NV,89117,560000,5,3.0,Lakes West #3 Lewis Homes,2730,6970,1989,146,205,26,Sold,,,http://www.redfin.com/NV/Las-Vegas/2928-Hampton-Bluff-St-89117/home/29527981,GLVAR,2283884,N,Y,36.1378099,-115.3064923
PAST SALE,August-10-2020,Single Family Residential,3757 Erva,Las Vegas,NV,89147,385000,3,3.0,Palomita,2431,9148,1999,423,158,,Sold,,,http://www.redfin.com/NV/Las-Vegas/3757-Erva-St-89147/home/29552847,GLVAR,2195853,N,Y,36.1212356,-115.2928106
PAST SALE,November-13-2019,Single Family Residential,1820 Loida Ct,North Las Vegas,NV,89031,274000,4,2.0,ARROYO VISTA,1822,6098,2002,694,150,,Sold,,,http://www.redfin.com/NV/North-Las-Vegas/1820-Loida-Ct-89031/home/29914020,GLVAR,2136988,N,Y,36.257473,-115.1673547
PAST SALE,June-24-2021,Single Family Residential,3100 Aldon Ave,Las Vegas,NV,89121,345000,3,2.0,Casa Mia,1660,8276,1977,105,208,,Sold,,,http://www.redfin.com/NV/Las-Vegas/3100-Aldon-Ave-89121/home/29508464,GLVAR,2298654,N,Y,36.1071903,-115.1075037
PAST SALE,November-9-2020,Single Family Residential,288 Windsong Echo Dr,Henderson,NV,89012,510000,3,2.0,Green Valley Ranch Parcel 23A,2134,9148,1998,332,239,63,Sold,,,http://www.redfin.com/NV/Henderson/288-Windsong-Echo-Dr-89012/home/29684906,GLVAR,2235054,N,Y,36.0164027,-115.0676819
PAST SALE,November-18-2019,Single Family Residential,5090 Oleta Ave,Las Vegas,NV,89139,820000,4,3.5,Oleta Estates,3820,22216,2016,689,215,,Sold,,,http://www.redfin.com/NV/Las-Vegas/5090-W-Oleta-Ave-89139/home/102392400,GLVAR,2115964,N,Y,36.0226833,-115.2098042
PAST SALE,August-19-2021,Single Family Residential,4040 Wild Magic St,Las Vegas,NV,89129,425000,3,2.5,Mayfield,2733,6098,2004,49,156,30,Sold,,,http://www.redfin.com/NV/Las-Vegas/4040-N-Wild-Magic-St-89129/home/28979746,GLVAR,2309048,N,Y,36.2346773,-115.2551884
PAST SALE,August-31-2021,Single Family Residential,1023 Jason Alexander Ave,North Las Vegas,NV,89031,505000,4,2.5,Breccia Bay,2527,6970,2019,37,200,95,Sold,,,http://www.redfin.com/NV/North-Las-Vegas/1023-Jason-Alexander-Ave-89031/home/167612831,GLVAR,2314485,N,Y,36.258206,-115.157242
PAST SALE,November-5-2020,Single Family Residential,4416 Hatch Bend Ave,North Las Vegas,NV,89031,330000,4,2.0,Centennial Spgs,1867,5227,2016,336,177,56,Sold,,,http://www.redfin.com/NV/North-Las-Vegas/4416-Hatch-Bend-Ave-89031/home/109634578,GLVAR,2230891,N,Y,36.2748906,-115.2003328
PAST SALE,July-14-2021,Single Family Residential,5221 Meadow Rock Ave,Las Vegas,NV,89130,335000,3,2.0,Bradley Azure North,1220,4356,2000,85,275,23,Sold,,,http://www.redfin.com/NV/Las-Vegas/5221-Meadow-Rock-Ave-89130/home/29093046,GLVAR,2305319,N,Y,36.2727501,-115.2135787
PAST SALE,July-15-2020,Single Family Residential,4583 Inland Ct,Las Vegas,NV,89147,275000,3,2.0,Spring Valley,1658,6098,1973,449,166,,Sold,,,http://www.redfin.com/NV/Las-Vegas/4583-Inland-Ct-89147/home/29567895,GLVAR,2199595,N,Y,36.1055358,-115.2439587
PAST SALE,March-31-2021,Single Family Residential,9805 Peseo Cresta Ave,Las Vegas,NV,89117,430000,3,3.0,Peccole Village By Signature Homes,1851,4792,1998,190,232,88,Sold,,,http://www.redfin.com/NV/Las-Vegas/9805-Peseo-Cresta-Ave-89117/home/29524095,GLVAR,2269890,N,Y,36.1558527,-115.3117704
PAST SALE,November-26-2019,Single Family Residential,3637 Corte Bella Hills Ave,North Las Vegas,NV,89081,310000,2,2.0,RUNVEE HOBART UNIT 4B,1592,5227,2015,681,195,,Sold,,,http://www.redfin.com/NV/North-Las-Vegas/3637-Corte-Bella-Hills-Ave-89081/home/109572767,GLVAR,2078038,N,Y,36.2633886,-115.0945778
PAST SALE,June-28-2021,Single Family Residential,7141 Puetollano Dr,North Las Vegas,NV,89084,530000,5,4.0,Aliante North Parcel 19,3399,7405,2007,101,156,48,Sold,,,http://www.redfin.com/NV/North-Las-Vegas/7141-Puetollano-Dr-89084/home/29047384,GLVAR,2293490,N,Y,36.2904635,-115.1940802
PAST SALE,,Single Family Residential,3565 Pinnate Dr,Las Vegas,NV,89147,342800,2,4.0,,2540,3485,2004,,135,,,,,http://www.redfin.com/NV/Las-Vegas/3565-Pinnate-Dr-89147/home/29549765,,,N,Y,36.12434,-115.2662787
PAST SALE,June-11-2021,Single Family Residential,1217 Fox Grove Ct,North Las Vegas,NV,89031,387000,4,3.0,Eldorado Rcl 26,2340,3485,2017,118,165,48,Sold,,,http://www.redfin.com/NV/North-Las-Vegas/1217-Fox-Grove-Ct-89031/home/111916263,GLVAR,2289801,N,Y,36.258689,-115.158852
PAST SALE,October-24-2019,Single Family Residential,2604 Fulano Way,Las Vegas,NV,89102,735000,4,4.0,RANCHO BONITO UNIT #4,3942,12632,1985,714,186,,Sold,,,http://www.redfin.com/NV/Las-Vegas/2604-Fulano-Way-89102/home/29459998,GLVAR,2103092,N,Y,36.1496254,-115.1773134
PAST SALE,February-19-2021,Single Family Residential,353 Manzanita St,Henderson,NV,89014,295000,3,2.5,Park Mesa,1531,4356,1984,230,193,,Sold,,,http://www.redfin.com/NV/Henderson/353-Manzanita-St-89014/home/29662830,GLVAR,2264828,N,Y,36.0529111,-115.0639519
PAST SALE,July-31-2020,Single Family Residential,6291 Mustang Spg,Las Vegas,NV,89139,485000,5,3.0,Woodbridge 2 At Pinnacle Peaks,3558,6098,2013,433,136,55,Sold,,,http://www.redfin.com/NV/Las-Vegas/6291-Mustang-Spring-Ave-89139/home/52621911,GLVAR,2202135,N,Y,36.0397577,-115.2299037
PAST SALE,June-25-2021,Single Family Residential,4141 Rancho Crossing St,Las Vegas,NV,89130,440000,5,3.5,Rancho & Jones Phase 1,2718,3920,2020,104,162,55,Sold,,,http://www.redfin.com/NV/Las-Vegas/4141-Rancho-Crossing-St-89130/home/169228770,GLVAR,2292912,N,Y,36.2363033,-115.2278887
PAST SALE,July-2-2020,Single Family Residential,3433 Tuscany Vlg,Las Vegas,NV,89129,291500,3,2.0,Tuscany Village Northshore,1360,4356,1997,462,214,27,Sold,,,http://www.redfin.com/NV/Las-Vegas/3433-Tuscany-Village-Dr-89129/home/29127388,GLVAR,2198661,N,Y,36.2235497,-115.274382
PAST SALE,April-29-2021,Single Family Residential,5845 Red Ridge Cir,North Las Vegas,NV,89031,358500,4,2.5,Eldorado-Rcl,1817,5227,1990,161,197,12,Sold,,,http://www.redfin.com/NV/North-Las-Vegas/5845-Red-Ridge-Cir-89031/home/29078682,GLVAR,2281247,N,Y,36.266983,-115.1612404
PAST SALE,February-5-2020,Single Family Residential,189 Bethany St,Henderson,NV,89074,480000,4,3.0,SUMMERHILL UNIT 1 AMD,2951,7841,1990,610,163,82,Sold,,,http://www.redfin.com/NV/Henderson/189-Bethany-St-89074/home/29674652,GLVAR,2153217,N,Y,36.0394947,-115.0752806
PAST SALE,April-7-2021,Single Family Residential,7528 Crystal Isle Way,Las Vegas,NV,89128,380000,4,2.5,Ridgeview West,2096,5227,1991,183,181,,Sold,,,http://www.redfin.com/NV/Las-Vegas/7528-Crystal-Isle-Way-89128/home/29197387,GLVAR,2270600,N,Y,36.1884816,-115.2574342
PAST SALE,April-21-2020,Single Family Residential,9072 Pebble Vw,Henderson,NV,89074,320000,3,2.5,Seasons At Pebble Canyon Unit 2,1531,6098,1994,534,209,16,Sold,,,http://www.redfin.com/NV/Henderson/9072-Pebble-View-Ct-89074/home/29635329,GLVAR,2179317,N,Y,36.0244714,-115.1134801
PAST SALE,December-23-2020,Single Family Residential,6150 Empress Woods Ct,Las Vegas,NV,89148,396500,5,3.0,Chandler Park,2460,3485,2017,288,161,60,Sold,,,http://www.redfin.com/NV/Las-Vegas/6150-Empress-Woods-Ct-89148/home/144626576,GLVAR,2244719,N,Y,36.0769824,-115.2898503
PAST SALE,April-12-2021,Single Family Residential,3714 Asia Rd,North Las Vegas,NV,89032,355000,3,2.5,Laredo At Davyn Ridge,2461,4356,2018,178,144,42,Sold,,,http://www.redfin.com/NV/North-Las-Vegas/3714-Asia-Rd-89032/home/145869732,GLVAR,2279666,N,Y,36.2268541,-115.1966812
PAST SALE,February-28-2020,Single Family Residential,9870 Silver Dew St,Las Vegas,NV,89183,360000,3,2.5,SILVERADO TRAILS SOUTH,1930,5227,1998,587,187,19,Sold,,,http://www.redfin.com/NV/Las-Vegas/9870-Silver-Dew-St-89183/home/29637522,GLVAR,2158152,N,Y,36.0106365,-115.123533
PAST SALE,June-15-2021,Single Family Residential,4947 Breaking Dawn Ct,Las Vegas,NV,89139,425000,3,2.5,Decatur & Mesa Verde,2389,3485,2016,114,178,43,Sold,,,http://www.redfin.com/NV/Las-Vegas/4947-Breaking-Dawn-Ct-89139/home/109869868,GLVAR,2297227,N,Y,36.0465276,-115.2084842
PAST SALE,September-17-2020,Single Family Residential,2064 Waverly Cir,Henderson,NV,89014,331000,3,2.5,Warm Spgs Reserve,1470,5227,1988,385,225,27,Sold,,,http://www.redfin.com/NV/Henderson/2064-Waverly-Cir-89014/home/29657791,GLVAR,2216058,N,Y,36.0534995,-115.0793811
PAST SALE,March-24-2021,Single Family Residential,2663 Sunday Grace Dr,Henderson,NV,89052,600000,5,3.0,Southfork Parcel 4,3181,9853,2001,197,189,73,Sold,,,http://www.redfin.com/NV/Henderson/2663-Sunday-Grace-Dr-89052/home/29875859,GLVAR,2268615,N,Y,36.0091596,-115.1037048
PAST SALE,October-19-2020,Single Family Residential,7651 Lots Hills Dr,Las Vegas,NV,89179,290000,3,2.5,Jasmine Falls At Mountains Edge - Phase 2,1740,2178,2014,353,167,38,Sold,,,http://www.redfin.com/NV/Las-Vegas/7651-Hills-Dr-89179/home/65558925,GLVAR,2205767,N,Y,35.9952242,-115.2584993
PAST SALE,September-29-2020,Single Family Residential,7275 Mann St,Las Vegas,NV,89118,405000,4,3.0,Warm Spgs / Jones,2641,3485,2018,373,153,24,Sold,,,http://www.redfin.com/NV/Las-Vegas/7275-S-Mann-St-89118/home/147874778,GLVAR,2220549,N,Y,36.0568212,-115.2319327
PAST SALE,February-13-2020,Single Family Residential,9332 Tall Wood Ln,Las Vegas,NV,89129,270000,3,2.5,SKY CANYON,1560,4356,1996,602,173,,Sold,,,http://www.redfin.com/NV/Las-Vegas/9332-Tall-Wood-Ln-89129/home/29123237,GLVAR,2157847,N,Y,36.2220538,-115.2988297
PAST SALE,July-31-2020,Single Family Residential,5448 Painted Gorge Dr,Las Vegas,NV,89149,430000,4,3.0,Canyon Creek,2409,9583,1994,433,178,,Sold,,,http://www.redfin.com/NV/Las-Vegas/5448-Painted-Gorge-Dr-89149/home/29098139,GLVAR,2206599,N,Y,36.2610935,-115.2718585
PAST SALE,May-7-2021,Single Family Residential,4754 Antelope Wells Dr,Las Vegas,NV,89129,475000,3,2.5,Canyon Ranch Estate,1992,9583,1991,153,238,100,Sold,,,http://www.redfin.com/NV/Las-Vegas/4754-Antelope-Wells-Dr-89129/home/29118141,GLVAR,2283053,N,Y,36.2469388,-115.256184
PAST SALE,May-14-2021,Single Family Residential,5501 Riverwood Ct,Las Vegas,NV,89149,390000,3,2.5,Viscaya,2001,5663,1989,146,195,146,Sold,,,http://www.redfin.com/NV/Las-Vegas/5501-Riverwood-Ct-89149/home/29098523,GLVAR,2283456,N,Y,36.2619934,-115.2661861
PAST SALE,October-9-2019,Single Family Residential,4501 Vogue St,Las Vegas,NV,89129,360000,3,2.5,ELEGANCE,2060,6098,1995,729,175,,Sold,,,http://www.redfin.com/NV/Las-Vegas/4501-Vogue-St-89129/home/29118674,GLVAR,2131592,N,Y,36.2425827,-115.2533129
PAST SALE,August-21-2020,Single Family Residential,1012 Robust Ave,North Las Vegas,NV,89031,395000,5,4.0,Geyser Peak 1,3097,8276,2006,412,128,75,Sold,,,http://www.redfin.com/NV/North-Las-Vegas/1012-Robust-Ave-89081/home/28967256,GLVAR,2214301,N,Y,36.2705644,-115.1288374
PAST SALE,August-20-2021,Single Family Residential,2821 Cozy Ct,North Las Vegas,NV,89032,525000,3,2.0,Tiffany Estate,1772,19602,1999,48,296,,Sold,,,http://www.redfin.com/NV/North-Las-Vegas/2821-Cozy-Ct-89032/home/29249326,GLVAR,2309188,N,Y,36.2294858,-115.1793514
PAST SALE,,Single Family Residential,2189 Lovely Rita Ct,Henderson,NV,89074,395000,3,2.5,,1481,3485,1994,,267,,,,,http://www.redfin.com/NV/Henderson/2189-Lovely-Rita-Ct-89074/home/29679928,,,N,Y,36.0320803,-115.0855896
PAST SALE,September-8-2020,Single Family Residential,1013 Grey Hollow Ave,North Las Vegas,NV,89031,300000,3,2.0,Eldorado-R1-90 #3,1915,10454,1990,394,157,12,Sold,,,http://www.redfin.com/NV/North-Las-Vegas/1013-Grey-Hollow-Ave-89031/home/29079470,GLVAR,2217629,N,Y,36.2647579,-115.1562841
PAST SALE,June-30-2020,Single Family Residential,7337 Charreado,Las Vegas,NV,89179,347000,5,3.0,Chaco Canyon At Mountains Edge,2785,4356,2007,464,125,11,Sold,,,http://www.redfin.com/NV/Las-Vegas/7337-Charreado-Ct-89179/home/29769680,GLVAR,2198772,N,Y,35.9886133,-115.2521089
PAST SALE,May-26-2020,Single Family Residential,8440 Gilmore Ave,Las Vegas,NV,89129,250000,4,2.5,Copperhead-Unit 6,1662,3920,1997,499,150,13,Sold,,,http://www.redfin.com/NV/Las-Vegas/8440-W-Gilmore-Ave-89129/home/29126639,GLVAR,2183995,N,Y,36.2307331,-115.2773918
PAST SALE,May-22-2021,Single Family Residential,3140 Viking Rd,Las Vegas,NV,89121,1155000,5,6.5,,6685,27443,1993,138,173,,Sold,,,http://www.redfin.com/NV/Las-Vegas/3140-E-Viking-Rd-89121/home/29475323,GLVAR,2286340,N,Y,36.1189713,-115.106693
PAST SALE,,Single Family Residential,3912 Mineola Way,North Las Vegas,NV,89032,247000,3,2.0,,1208,5663,1995,,204,,,,,http://www.redfin.com/NV/North-Las-Vegas/3912-Mineola-Way-89032/home/29248284,,,N,Y,36.2309568,-115.1858127
PAST SALE,June-4-2021,Single Family Residential,612 Spritlake Ct,North Las Vegas,NV,89032,340000,3,2.0,Craig Revere 80,1507,6098,1999,125,226,,Sold,,,http://www.redfin.com/NV/North-Las-Vegas/612-Spritlake-Ct-89032/home/29237060,GLVAR,2291670,N,Y,36.2333134,-115.1494052
PAST SALE,March-12-2021,Single Family Residential,410 Hopedale Ave,North Las Vegas,NV,89032,307800,3,2.0,Brentwood,1719,6098,2001,209,179,13,Sold,,,http://www.redfin.com/NV/North-Las-Vegas/410-Hopedale-Ave-89032/home/29237056,GLVAR,2265389,N,Y,36.2355996,-115.1465564
PAST SALE,September-16-2020,Single Family Residential,3789 Via Di Girolamo Ave,Henderson,NV,89052,486000,3,3.0,Capella,2850,6098,2007,386,171,88,Sold,,,http://www.redfin.com/NV/Henderson/3789-Via-Di-Girolamo-Ave-89052/home/29495824,GLVAR,2220089,N,Y,35.992379,-115.1541069
PAST SALE,December-31-2019,Single Family Residential,228 Hanley Way,Henderson,NV,89074,380000,5,3.0,WESTWOOD VILLAGE,2140,6534,1996,646,178,14,Sold,,,http://www.redfin.com/NV/Henderson/228-Hanley-Way-89074/home/29658314,GLVAR,2131178,N,Y,36.0440268,-115.0861456
PAST SALE,December-2-2020,Single Family Residential,2496 Ram Crossing Way,Henderson,NV,89074,600000,5,3.5,Masters,3998,7841,1994,309,150,125,Sold,,,http://www.redfin.com/NV/Henderson/2496-Ram-Crossing-Way-89074/home/29678048,GLVAR,2239615,N,Y,36.0375926,-115.0945546
PAST SALE,August-25-2021,Single Family Residential,8071 Dolce Flore Ave,Las Vegas,NV,89178,790000,5,3.0,Mountains Edge 116,4363,10019,2006,43,181,48,Sold,,,http://www.redfin.com/NV/Las-Vegas/8071-Dolce-Flore-Ave-89178/home/29068115,GLVAR,2304516,N,Y,36.0135233,-115.2680615
PAST SALE,October-2-2020,Single Family Residential,3100 Ocean View Dr,Las Vegas,NV,89117,307000,3,2.5,Lakes,1609,4792,1989,370,191,26,Sold,,,http://www.redfin.com/NV/Las-Vegas/3100-Ocean-View-Dr-89117/home/29530246,GLVAR,2224889,N,Y,36.1353282,-115.3020707
PAST SALE,June-7-2021,Single Family Residential,9132 Dove River Rd,Las Vegas,NV,89134,420000,3,2.0,Willow Tree #3 By Lewis Homes,1838,5663,1994,122,229,50,Sold,,,http://www.redfin.com/NV/Las-Vegas/9132-Dove-River-Rd-89134/home/29149201,GLVAR,2295558,N,Y,36.205088,-115.2944774
PAST SALE,March-4-2021,Single Family Residential,8822 Shamu Ct,Las Vegas,NV,89147,465000,5,3.0,Palomita,2426,6534,1995,217,192,,Sold,,,http://www.redfin.com/NV/Las-Vegas/8822-Shamu-Ct-89147/home/29553895,GLVAR,2257426,N,Y,36.1213379,-115.2838743
PAST SALE,August-24-2021,Single Family Residential,10220 Purple Primrose Dr,Las Vegas,NV,89141,360000,3,2.0,Desert Willows,1257,3920,2004,44,286,18,Sold,,,http://www.redfin.com/NV/Las-Vegas/10220-Purple-Primrose-Dr-89141/home/28997704,GLVAR,2315283,N,Y,36.0036981,-115.2313625
PAST SALE,July-2-2021,Single Family Residential,7452 Sunspot Dr,Las Vegas,NV,89128,380000,5,3.0,Tennington Ridge Phase 1-Amd,2046,4356,1993,97,186,,Sold,,,http://www.redfin.com/NV/Las-Vegas/7452-Sunspot-Dr-89128/home/29197515,GLVAR,2284027,N,Y,36.181994,-115.254742
PAST SALE,August-31-2021,Single Family Residential,722 Shadwell St,Las Vegas,NV,89178,350000,3,2.5,Huntington Village A Rhodes Ranch,1671,2178,2007,37,209,48,Sold,,,http://www.redfin.com/NV/Las-Vegas/722-Shadwell-St-89178/home/29769056,GLVAR,2316809,N,Y,36.034752,-115.2996168
PAST SALE,May-18-2020,Single Family Residential,373 Santali,Henderson,NV,89014,305000,3,2.0,Emerald Point Unit 3,1690,5663,1986,507,180,,Sold,,,http://www.redfin.com/NV/Henderson/373-Santali-Ct-89014/home/29660955,GLVAR,2194034,N,Y,36.0538121,-115.0672417
PAST SALE,March-26-2021,Single Family Residential,3934 Mindy St,Las Vegas,NV,89115,281000,3,2.0,Hammock Creek 3,1410,4356,2001,195,199,,Sold,,,http://www.redfin.com/NV/Las-Vegas/3934-Mindy-St-89115/home/29862432,GLVAR,2273599,N,Y,36.2338601,-115.0889254
PAST SALE,April-29-2020,Single Family Residential,2416 Attributes Ct,North Las Vegas,NV,89031,245000,4,2.5,RENAISSANCE AT TIERRA DE LAS P,1623,3049,1998,526,151,150,Sold,,,http://www.redfin.com/NV/North-Las-Vegas/2416-Attributes-Ct-89031/home/29083291,GLVAR,2174055,N,Y,36.2480435,-115.1762944
PAST SALE,September-15-2020,Single Family Residential,514 Campus Oaks Ct,Las Vegas,NV,89183,396888,5,3.0,Canyons 3,2766,5663,2002,387,143,18,Sold,,,http://www.redfin.com/NV/Las-Vegas/514-Campus-Oaks-Ct-89183/home/29907551,GLVAR,2219253,N,Y,35.9967682,-115.1521151
PAST SALE,September-10-2021,Single Family Residential,6323 Cascade Cliffs Ct,Las Vegas,NV,89139,607000,5,3.5,Tradition 2 At Pinnacle Peaks,4147,4356,2015,27,146,18,Sold,,,http://www.redfin.com/NV/Las-Vegas/6323-Cascade-Cliffs-Ct-89139/home/92907713,GLVAR,2291633,N,Y,36.037604,-115.2308994
PAST SALE,September-24-2021,Single Family Residential,347 Foster Springs Rd,Las Vegas,NV,89148,559000,4,2.5,Parcel 14 At Rhodes Ranch,2405,3485,2006,13,232,155,Sold,,,http://www.redfin.com/NV/Las-Vegas/347-Foster-Springs-Rd-89148/home/29320493,GLVAR,2304221,N,Y,36.0411995,-115.2865135
PAST SALE,July-15-2021,Single Family Residential,1316 Grey Hunter Dr,North Las Vegas,NV,89031,351000,3,2.0,Eldorado-R1-65 #3,1467,6534,1990,84,239,10,Sold,,,http://www.redfin.com/NV/North-Las-Vegas/1316-Grey-Hunter-Dr-89031/home/29079090,GLVAR,2300503,N,Y,36.2655558,-115.1599898
PAST SALE,April-16-2021,Single Family Residential,4705 Crimson Leaf Dr,Las Vegas,NV,89130,340370,4,2.0,Crimson Ridge,1502,6098,1993,174,227,13,Sold,,,http://www.redfin.com/NV/Las-Vegas/4705-Crimson-Leaf-Dr-89130/home/29115627,GLVAR,2280062,N,Y,36.2445082,-115.2224012
PAST SALE,September-17-2020,Single Family Residential,7375 Falcon Rock Dr,Las Vegas,NV,89123,400000,4,2.5,McGuire Prop,2329,6970,1990,385,172,,Sold,,,http://www.redfin.com/NV/Las-Vegas/7375-Falcon-Rock-Dr-89123/home/29613183,GLVAR,2215394,N,Y,36.0559099,-115.1335857
PAST SALE,April-8-2020,Single Family Residential,5501 Desert Vly,Las Vegas,NV,89149,300000,3,2.0,Painted Desert Parcel 16-A,1570,5663,1994,547,191,47,Sold,,,http://www.redfin.com/NV/Las-Vegas/5501-Desert-Valley-Dr-89149/home/29098711,GLVAR,2178943,N,Y,36.2613616,-115.2686403
PAST SALE,November-23-2020,Single Family Residential,3121 Cristobal Way,Las Vegas,NV,89117,300000,2,2.0,Bayside,1250,4792,1987,318,240,22,Sold,,,http://www.redfin.com/NV/Las-Vegas/3121-Cristobal-Way-89117/home/29533474,GLVAR,2244886,N,Y,36.1341318,-115.2824852
PAST SALE,October-13-2020,Single Family Residential,2663 Hourglass Dr,Henderson,NV,89052,525000,5,3.0,Southfork Parcel 4,3151,7405,2002,359,167,63,Sold,,,http://www.redfin.com/NV/Henderson/2663-Hourglass-Dr-89052/home/29875880,GLVAR,2210640,N,Y,36.0078843,-115.1024539
PAST SALE,October-31-2019,Single Family Residential,7778 Ebro Valley Ct,Las Vegas,NV,89113,395000,3,2.5,ARAGON PHASE 1,2762,4356,2015,707,143,40,Sold,,,http://www.redfin.com/NV/Las-Vegas/7778-Ebro-Valley-Ct-89113/home/109634431,GLVAR,2136535,N,Y,36.0902086,-115.2604262
PAST SALE,September-29-2021,Single Family Residential,9501 Sundial Dr,Las Vegas,NV,89134,366000,2,2.0,Sun City Las Vegas,1384,7405,1991,8,264,137,Sold,,,http://www.redfin.com/NV/Las-Vegas/9501-Sundial-Dr-89134/home/29153315,GLVAR,2314552,N,Y,36.2078454,-115.3019781
PAST SALE,August-24-2021,Single Family Residential,6716 Dunraven Ave,Las Vegas,NV,89139,285000,2,2.5,Warm Spgs Torrey Pines At Pinnacle Peaks,1277,1742,2004,44,223,59,Sold,,,http://www.redfin.com/NV/Las-Vegas/6716-Dunraven-Ave-89139/home/28991077,GLVAR,2309009,N,Y,36.0526555,-115.238749
PAST SALE,May-18-2020,Single Family Residential,9402 Logan Ridge Ct,Las Vegas,NV,89139,399000,5,3.5,HIGHLANDS RANCH UNIT 9 AMD,3065,6534,2015,507,130,30,Sold,,,http://www.redfin.com/NV/Las-Vegas/9402-Logan-Ridge-Ct-89139/home/109635787,GLVAR,2173216,N,Y,36.018641,-115.22474
PAST SALE,June-8-2021,Single Family Residential,665 E Eldorado Ln,Las Vegas,NV,89123,525000,4,2.5,Paradise #2-Lewis Homes,2220,11326,1991,121,236,,Sold,,,http://www.redfin.com/NV/Las-Vegas/665-E-Eldorado-Ln-89123/home/29606872,GLVAR,2290146,N,Y,36.0531663,-115.1479229
PAST SALE,October-21-2020,Single Family Residential,8317 Bermuda Beach Dr,Las Vegas,NV,89128,370000,3,2.5,South Shore Estate,1773,4792,1990,351,209,,Sold,,,http://www.redfin.com/NV/Las-Vegas/8317-Bermuda-Beach-Dr-89128/home/29161626,GLVAR,2231646,N,Y,36.2007797,-115.274984
PAST SALE,August-14-2020,Single Family Residential,1490 La Brea Rd,Henderson,NV,89014,410000,4,3.0,Candle Creek,3029,6098,1990,419,135,19,Sold,,,http://www.redfin.com/NV/Henderson/1490-La-Brea-Rd-89014/home/29446656,GLVAR,2207038,N,Y,36.0729519,-115.0499585
PAST SALE,February-28-2020,Single Family Residential,2320 Carinth Way,Henderson,NV,89074,395500,4,3.0,WESTWOOD VILLAGE,2160,7405,1996,587,183,14,Sold,,,http://www.redfin.com/NV/Henderson/2320-Carinth-Way-89074/home/29658352,GLVAR,2164257,N,Y,36.0437383,-115.0905702
PAST SALE,March-31-2021,Single Family Residential,4716 Mohawk River Ave,North Las Vegas,NV,89031,425000,4,3.0,Riverwalk Ranch Manor Estate,2357,7405,2007,190,180,20,Sold,,,http://www.redfin.com/NV/North-Las-Vegas/4716-Mohawk-River-Ave-89031/home/29597263,GLVAR,2270517,N,Y,36.2660134,-115.2061917
PAST SALE,August-27-2021,Single Family Residential,22 Cascade Lake St,Las Vegas,NV,89148,721000,4,3.5,Rhodes Ranch-Phase 1 Amd,3470,7841,2000,41,208,155,Sold,,,http://www.redfin.com/NV/Las-Vegas/22-Cascade-Lake-St-89148/home/29590371,GLVAR,2309693,N,Y,36.0498669,-115.2861894
PAST SALE,March-23-2020,Single Family Residential,5348 Lattice Ct,North Las Vegas,NV,89031,275000,3,2.0,ARBOR GATE,1753,3049,2000,563,157,55,Sold,,,http://www.redfin.com/NV/North-Las-Vegas/5348-Lattice-Ct-89031/home/29853282,GLVAR,2172519,N,Y,36.2575684,-115.2065853
PAST SALE,April-1-2021,Single Family Residential,3753 Avondale Breeze Ave,North Las Vegas,NV,89081,355000,2,2.0,Runvee Hobart,1460,5227,2010,189,243,210,Sold,,,http://www.redfin.com/NV/North-Las-Vegas/3753-Avondale-Breeze-Ave-89081/home/30166890,GLVAR,2276936,N,Y,36.264861,-115.0920759
PAST SALE,November-18-2020,Single Family Residential,526 Brompton St,Las Vegas,NV,89178,273800,4,2.5,Huntington Village B At Rhodes Ranch,1484,2178,2006,323,185,48,Sold,,,http://www.redfin.com/NV/Las-Vegas/526-Brompton-St-89178/home/29054768,GLVAR,2239499,N,Y,36.0382555,-115.2994316
PAST SALE,June-26-2020,Single Family Residential,2716 Crystal Bch,Las Vegas,NV,89128,430000,3,3.0,Lakeshore Amd,2537,6534,1994,468,169,84,Sold,,,http://www.redfin.com/NV/Las-Vegas/2716-Crystal-Beach-Dr-89128/home/29145868,GLVAR,2197814,N,Y,36.2101886,-115.2673206
PAST SALE,June-19-2020,Single Family Residential,7284 Mer Soliel,Las Vegas,NV,89118,479000,5,3.5,Warm Springs / Jones Unit 3,3005,3485,2018,475,159,24,Sold,,,http://www.redfin.com/NV/Las-Vegas/7284-Mer-Soliel-Ct-89118/home/146416883,GLVAR,2187017,N,Y,36.0566126,-115.2322773
PAST SALE,December-21-2020,Single Family Residential,3694 Spring Day Ct,Las Vegas,NV,89147,365000,6,3.0,Spring Vistas #5 Lewis Homes,2264,4792,1995,290,161,,Sold,,,http://www.redfin.com/NV/Las-Vegas/3694-Spring-Day-Ct-89147/home/29549457,GLVAR,2241364,N,Y,36.1221558,-115.2630836
PAST SALE,June-10-2020,Single Family Residential,5872 Buhl,Las Vegas,NV,89103,355000,4,3.0,Valley West #6,2128,10454,1978,484,167,,Sold,,,http://www.redfin.com/NV/Las-Vegas/5872-Buhl-Ct-89103/home/29541091,GLVAR,2196089,N,Y,36.1201647,-115.2220076
PAST SALE,March-10-2021,Single Family Residential,4949 Blue Bay Ct,Las Vegas,NV,89141,390000,4,3.0,Storybook Cove,2579,3920,2007,211,151,44,Sold,,,http://www.redfin.com/NV/Las-Vegas/4949-Blue-Bay-Ct-89141/home/29322099,GLVAR,2266465,N,Y,36.000909,-115.2082526
PAST SALE,October-16-2020,Single Family Residential,9172 Mira Linda Rd,Las Vegas,NV,89148,580000,3,3.0,Fort Apache/Oquendo Phase 2,3026,7405,2018,356,192,72,Sold,,,http://www.redfin.com/NV/Las-Vegas/9172-Mira-Linda-Rd-89148/home/147874745,GLVAR,2225722,N,Y,36.0794111,-115.2919558
PAST SALE,January-6-2021,Single Family Residential,9537 Bella Di Mora St,Las Vegas,NV,89178,650000,6,5.5,Concordia At Mountains Edge,4632,10454,2005,274,140,90,Sold,,,http://www.redfin.com/NV/Las-Vegas/9537-Bella-Di-Mora-St-89178/home/29056076,GLVAR,2248913,N,Y,36.0151907,-115.2726919
PAST SALE,June-2-2021,Single Family Residential,9509 Sweet Sage Ave,Las Vegas,NV,89129,520000,5,3.0,Big Horn-Amd,2516,4792,1995,127,207,,Sold,,,http://www.redfin.com/NV/Las-Vegas/9509-Sweet-Sage-Ave-89129/home/29122913,GLVAR,2285647,N,Y,36.2215932,-115.3028115
PAST SALE,July-19-2021,Single Family Residential,9856 Serona Heights Ct,Las Vegas,NV,89178,479000,5,3.0,Via Valencia Via Ventura,2631,3920,2007,80,182,31,Sold,,,http://www.redfin.com/NV/Las-Vegas/9856-S-Serona-Heights-Ct-89178/home/29046076,GLVAR,2293517,N,Y,36.0092082,-115.2836427
PAST SALE,August-23-2021,Single Family Residential,7223 Blowing Breeze Ave,Las Vegas,NV,89179,440000,3,2.0,Pod 227 At Mountains Edge,1986,5227,2013,45,222,31,Sold,,,http://www.redfin.com/NV/Las-Vegas/7223-Blowing-Breeze-Ave-89179/home/49786918,GLVAR,2311801,N,Y,35.993966,-115.2498167
PAST SALE,September-3-2020,Single Family Residential,10256 Union Park Ct,Las Vegas,NV,89183,205000,2,1.0,Liberty At Silverado Ranch,690,2178,2003,399,297,45,Sold,,,http://www.redfin.com/NV/Las-Vegas/10256-Union-Park-Ct-89183/home/29953944,GLVAR,2216596,N,Y,36.0037162,-115.1490115
PAST SALE,March-17-2021,Single Family Residential,4741 San Dimas Ct,Las Vegas,NV,89147,465000,4,3.0,Rancho Las Brisas R-2,2890,7841,1995,204,161,17,Sold,,,http://www.redfin.com/NV/Las-Vegas/4741-San-Dimas-Ct-89147/home/29563882,GLVAR,2269621,N,Y,36.1028788,-115.2688023
PAST SALE,October-22-2020,Single Family Residential,6515 Shelter Ln,Las Vegas,NV,89103,335000,3,2.0,Laurelwood Spring Valley,1771,10019,1983,350,189,,Sold,,,http://www.redfin.com/NV/Las-Vegas/6515-Shelter-Ln-89103/home/29570655,GLVAR,2232480,N,Y,36.1030444,-115.2343263
PAST SALE,November-13-2020,Single Family Residential,7533 Sea Spray Ave,Las Vegas,NV,89128,285000,3,2.0,Sorrento,1292,4356,1993,328,221,,Sold,,,http://www.redfin.com/NV/Las-Vegas/7533-Sea-Spray-Ave-89128/home/29168745,GLVAR,2237826,N,Y,36.1912774,-115.2578973
PAST SALE,January-11-2021,Single Family Residential,7586 Perla Del Mar Ave,Las Vegas,NV,89179,291000,3,2.5,Mandolin Phase 3 At Mountains Edge,1547,2614,2008,269,188,50,Sold,,,http://www.redfin.com/NV/Las-Vegas/7586-Perla-Del-Mar-Ave-89179/home/29775271,GLVAR,2254535,N,Y,35.9970828,-115.2572259
PAST SALE,April-15-2021,Single Family Residential,6233 Evergreen Ave,Las Vegas,NV,89107,239900,3,2.0,Charleston Heights Tr #23,988,9148,1961,175,243,,Sold,,,http://www.redfin.com/NV/Las-Vegas/6233-Evergreen-Ave-89107/home/29230996,GLVAR,2266173,N,Y,36.1620721,-115.2296027
PAST SALE,March-3-2021,Single Family Residential,10282 Sweet Woodruff Dr,Las Vegas,NV,89141,395000,5,3.0,Desert Willows,2630,3920,2017,218,150,16,Sold,,,http://www.redfin.com/NV/Las-Vegas/10282-Sweet-Woodruff-Dr-89141/home/146417878,GLVAR,2238427,N,Y,36.0027544,-115.226709
PAST SALE,September-10-2020,Single Family Residential,2181 Polynesia,Henderson,NV,89074,325000,4,2.5,Pacific Greens,1949,3920,1997,392,167,115,Sold,,,http://www.redfin.com/NV/Henderson/2181-Polynesia-Cir-89074/home/29680680,GLVAR,2200112,N,Y,36.0309452,-115.0842459
PAST SALE,September-2-2021,Single Family Residential,1616 Danielle Rebecca Ave,North Las Vegas,NV,89086,451000,4,3.5,Donna Deer Spgs,3170,6534,2005,35,142,25,Sold,,,http://www.redfin.com/NV/North-Las-Vegas/1616-Danielle-Rebecca-Ave-89086/home/29018459,GLVAR,2316907,N,Y,36.2833614,-115.1234635
PAST SALE,June-25-2021,Single Family Residential,5908 Maria Del Mar St,Las Vegas,NV,89130,750000,6,5.5,Bott Acres,4627,13504,2005,104,162,110,Sold,,,http://www.redfin.com/NV/Las-Vegas/5908-Maria-Del-Mar-St-89130/home/29024685,GLVAR,2292132,N,Y,36.2671535,-115.2226791
PAST SALE,April-1-2020,Single Family Residential,1836 Walker Ln,Henderson,NV,89014,380000,4,3.0,WOODLAND RIDGE,2668,7405,1989,554,142,30,Sold,,,http://www.redfin.com/NV/Henderson/1836-Walker-Ln-89014/home/29651380,GLVAR,2170887,N,Y,36.0581454,-115.0644153
PAST SALE,March-31-2021,Single Family Residential,8753 Gilmore Ave,Las Vegas,NV,89129,660000,5,4.0,El Capitan Ranch,4861,9583,2000,190,136,16,Sold,,,http://www.redfin.com/NV/Las-Vegas/8753-W-Gilmore-Ave-89129/home/29124953,GLVAR,2272590,N,Y,36.2299268,-115.2872312
PAST SALE,September-15-2021,Single Family Residential,6494 Mount Palomar Ave,Las Vegas,NV,89139,660000,5,3.0,Woodbridge 2 At Pinnacle Peaks,4022,7405,2017,22,164,24,Sold,,,http://www.redfin.com/NV/Las-Vegas/6494-Mt-Palomar-Ave-89139/home/143140443,GLVAR,2314501,N,Y,36.0406673,-115.23428
PAST SALE,February-5-2021,Single Family Residential,6576 Baywood Ave,Las Vegas,NV,89103,290000,3,2.0,Casa Linda #4E,1232,6098,1976,244,235,,Sold,,,http://www.redfin.com/NV/Las-Vegas/6576-Baywood-Ave-89103/home/29543815,GLVAR,2255664,N,Y,36.1225473,-115.2356693
PAST SALE,September-30-2021,Single Family Residential,7307 Phlox Rd,Las Vegas,NV,89113,355000,3,2.5,Copperhead Trails Phase 2,1526,1742,2006,7,233,50,Sold,,,http://www.redfin.com/NV/Las-Vegas/7307-Phlox-Rd-89113/home/29035082,GLVAR,2325024,N,Y,36.0532433,-115.2511365
PAST SALE,September-24-2021,Single Family Residential,6561 Roundstone Bog Ave,Las Vegas,NV,89139,330000,3,2.5,Warm Spgs Torrey Pines At Pinnacle Peaks,1430,1742,2004,13,231,65,Sold,,,http://www.redfin.com/NV/Las-Vegas/6561-W-Roundstone-Bog-Ave-89139/home/28991196,GLVAR,2324762,N,Y,36.0535395,-115.235403
PAST SALE,July-24-2020,Single Family Residential,4614 White Head Ct,Las Vegas,NV,89147,450000,4,3.0,Buffalo Ranch Phase 1,2993,8712,2012,440,150,72,Sold,,,http://www.redfin.com/NV/Las-Vegas/4614-White-Head-Ct-89147/home/40549232,GLVAR,2203597,N,Y,36.1050261,-115.2623427
PAST SALE,June-26-2020,Single Family Residential,9537 Camelback Peak Ct,Las Vegas,NV,89148,375000,4,2.5,GRANDBROOKE 5,2232,4792,2003,468,168,18,Sold,,,http://www.redfin.com/NV/Las-Vegas/9537-Camelback-Peak-Ct-89148/home/29934403,GLVAR,2176670,N,Y,36.0928687,-115.3004965
PAST SALE,September-21-2021,Single Family Residential,4413 Morning Breeze Dr,North Las Vegas,NV,89031,375000,3,2.0,Summer Breeze Phase 1,1405,6098,1993,16,267,,Sold,,,http://www.redfin.com/NV/North-Las-Vegas/4413-Morning-Breeze-Dr-89031/home/29081377,GLVAR,2324697,N,Y,36.2491205,-115.2017686
PAST SALE,August-18-2020,Single Family Residential,5321 Desert Columbine Ct,North Las Vegas,NV,89031,275000,3,2.0,Arbor Gate,1753,3049,2000,415,157,55,Sold,,,http://www.redfin.com/NV/North-Las-Vegas/5321-Desert-Columbine-Ct-89031/home/29843702,GLVAR,2198040,N,Y,36.2568339,-115.2056127
PAST SALE,June-9-2021,Single Family Residential,508 Jimijo Ct,Henderson,NV,89052,608000,6,3.0,Teton Ranch,3702,6534,1999,120,164,33,Sold,,,http://www.redfin.com/NV/Henderson/508-Jimijo-Ct-89052/home/29696405,GLVAR,2295140,N,Y,36.0084059,-115.0929562
PAST SALE,May-18-2021,Single Family Residential,6512 Tee Pee Ln,Las Vegas,NV,89149,535000,5,2.5,Centennial Mesa,2986,6970,2008,142,179,21,Sold,,,http://www.redfin.com/NV/Las-Vegas/6512-N-Tee-Pee-Ln-89149/home/29792609,GLVAR,2283898,N,Y,36.2794427,-115.3010984
PAST SALE,May-27-2021,Single Family Residential,812 Whitehollow Ave,North Las Vegas,NV,89031,432000,3,2.0,Eldorado-R1-90 #5,1915,10890,1993,133,226,12,Sold,,,http://www.redfin.com/NV/North-Las-Vegas/812-Whitehollow-Ave-89031/home/29079114,GLVAR,2286814,N,Y,36.2689187,-115.1535742
PAST SALE,May-14-2021,Single Family Residential,1613 Breeze Canyon Dr,Las Vegas,NV,89117,675000,5,4.0,Churchill Estate,3405,10019,1993,146,198,77,Sold,,,http://www.redfin.com/NV/Las-Vegas/1613-Breeze-Canyon-Dr-89117/home/29527059,GLVAR,2284489,N,Y,36.1521297,-115.3032513
PAST SALE,January-4-2021,Single Family Residential,4490 Willowhill Ct,Las Vegas,NV,89147,291000,2,2.0,Cimarron Meadows,1216,5227,1997,276,239,,Sold,,,http://www.redfin.com/NV/Las-Vegas/4490-Willowhill-Ct-89147/home/29563764,GLVAR,2231829,N,Y,36.107441657,-115.2662783
PAST SALE,July-10-2020,Single Family Residential,171 Dog Leg,Las Vegas,NV,89148,325000,3,2.5,Rhodes Ranch-Parcel 11-Phase 1,1829,3485,2004,454,178,155,Sold,,,http://www.redfin.com/NV/Las-Vegas/171-Dogleg-Dr-89148/home/29007669,GLVAR,2195629,N,Y,36.0450122,-115.2952182
PAST SALE,September-3-2020,Single Family Residential,3570 Teton Hls,Las Vegas,NV,89147,385000,4,3.0,Spring Mountain Park,2322,6098,1997,399,166,,Sold,,,http://www.redfin.com/NV/Las-Vegas/3570-Teton-Hills-St-89147/home/29556185,GLVAR,2199882,N,Y,36.1248174,-115.3028578
PAST SALE,November-5-2019,Single Family Residential,6433 Gilded Flicker St,North Las Vegas,NV,89084,390000,3,3.0,ALIANTE PARCEL 24,2711,6970,2004,702,144,84,Sold,,,http://www.redfin.com/NV/North-Las-Vegas/6433-Gilded-Flicker-St-89084/home/28996661,GLVAR,2125251,N,Y,36.2779375,-115.1831263
PAST SALE,December-8-2020,Single Family Residential,4017 Everest St,Las Vegas,NV,89129,645000,4,4.0,Lone Mountain Classics,4048,16117,2003,303,159,87,Sold,,,http://www.redfin.com/NV/Las-Vegas/4017-Everest-St-89129/home/29931517,GLVAR,2230866,N,Y,36.2353954,-115.2971397
PAST SALE,May-8-2020,Single Family Residential,11776 San Rossore,Las Vegas,NV,89183,316700,4,2.5,Terracina Phase 1,2014,4356,2002,517,157,18,Sold,,,http://www.redfin.com/NV/Las-Vegas/11776-San-Rossore-Ct-89183/home/29946133,GLVAR,2188962,N,Y,35.9759122,-115.1673547
PAST SALE,April-5-2021,Single Family Residential,4400 Mayflower Ln,Las Vegas,NV,89107,320000,4,2.5,Charleston Heights Tr #15A,1744,6534,1961,185,183,,Sold,,,http://www.redfin.com/NV/Las-Vegas/4400-Mayflower-Ln-89107/home/29343281,GLVAR,2263130,N,Y,36.168411,-115.199533
PAST SALE,August-17-2021,Single Family Residential,8122 Golden Flowers St,Las Vegas,NV,89139,315000,3,2.5,Lamplight Gardens At Pinnacle Peaks,1311,1742,2006,51,240,108,Sold,,,http://www.redfin.com/NV/Las-Vegas/8122-Golden-Flowers-St-89139/home/29055049,GLVAR,2301876,N,Y,36.0413052,-115.2274839
PAST SALE,December-10-2020,Single Family Residential,89 Ice Fall Ave,Las Vegas,NV,89183,300000,3,2.5,Terracina 3 North,1483,3920,2007,301,202,45,Sold,,,http://www.redfin.com/NV/Las-Vegas/89-Ice-Fall-Ave-89183/home/29302594,GLVAR,2241649,N,Y,35.980174,-115.1687907
PAST SALE,June-23-2020,Single Family Residential,6212 Villa Emo St,North Las Vegas,NV,89031,420000,5,4.0,Cortona-Phase 2,3720,6098,2006,471,113,42,Sold,,,http://www.redfin.com/NV/North-Las-Vegas/6212-Villa-Emo-St-89031/home/29269682,GLVAR,2195289,N,Y,36.2733132,-115.1825936
PAST SALE,April-27-2021,Single Family Residential,5153 Tunnel Falls Dr,Las Vegas,NV,89141,380000,3,2.5,Twilight At Cactus Hills,1796,3920,2007,163,212,41,Sold,,,http://www.redfin.com/NV/Las-Vegas/5153-Tunnel-Falls-Dr-89141/home/29291703,GLVAR,2282863,N,Y,36.0013797,-115.2113093
PAST SALE,March-12-2021,Single Family Residential,7945 Sky Birch Ct,Las Vegas,NV,89147,299000,2,2.0,Buffalo Twain,1366,3920,1995,209,219,,Sold,,,http://www.redfin.com/NV/Las-Vegas/7945-Sky-Birch-Ct-89147/home/29550022,GLVAR,2262855,N,Y,36.1199182,-115.264195
PAST SALE,January-26-2021,Single Family Residential,5112 Backwoodsman Ave,Las Vegas,NV,89130,320000,3,2.5,Reserve At Hunters Ridge,1758,4356,1999,254,182,,Sold,,,http://www.redfin.com/NV/Las-Vegas/5112-Backwoodsman-Ave-89130/home/29093888,GLVAR,2255790,N,Y,36.2647017,-115.2126524
PAST SALE,December-23-2019,Single Family Residential,5556 Oxbow St,Las Vegas,NV,89119,240000,3,2.0,PARADISE VISTA #2,1199,6970,1973,654,200,,Sold,,,http://www.redfin.com/NV/Las-Vegas/5556-Oxbow-St-89119/home/29514843,GLVAR,2129757,N,Y,36.088955,-115.1267064
PAST SALE,February-26-2020,Single Family Residential,680 Hidden Cellar Ct,Las Vegas,NV,89183,429900,5,3.0,CANYONS 4,3136,5663,2004,589,137,18,Sold,,,http://www.redfin.com/NV/Las-Vegas/680-Hidden-Cellar-Ct-89183/home/29040701,GLVAR,2166028,N,Y,35.9974656,-115.1484556
PAST SALE,November-4-2019,Single Family Residential,10447 Beallsville St,Las Vegas,NV,89141,325000,3,2.5,CACTUS HILLS SOUTH UNIT 2 AMD,1859,4356,2011,703,175,45,Sold,,,http://www.redfin.com/NV/Las-Vegas/10447-Beallsville-St-89141/home/40234159,GLVAR,2136306,N,Y,35.9997312,-115.2197383
PAST SALE,July-12-2021,Single Family Residential,3824 Champagne Wood Dr,North Las Vegas,NV,89031,395000,3,2.5,Highland Hills,1883,10019,2001,87,210,55,Sold,,,http://www.redfin.com/NV/North-Las-Vegas/3824-Champagne-Wood-Dr-89031/home/29853257,GLVAR,2304107,N,Y,36.2696407,-115.1915328
PAST SALE,October-27-2020,Single Family Residential,6179 Gunderson Blvd,Las Vegas,NV,89103,246000,3,2.0,American West,1092,6534,1974,345,225,,Sold,,,http://www.redfin.com/NV/Las-Vegas/6179-Gunderson-Blvd-89103/home/29572430,GLVAR,2208036,N,Y,36.1102368,-115.2267314
PAST SALE,July-19-2021,Single Family Residential,3808 Champagne Wood Dr,North Las Vegas,NV,89031,430000,5,3.0,Highland Hills,2879,6098,2001,80,149,56,Sold,,,http://www.redfin.com/NV/North-Las-Vegas/3808-Champagne-Wood-Dr-89031/home/29853253,GLVAR,2306703,N,Y,36.2695205,-115.1906528
PAST SALE,April-8-2021,Single Family Residential,6074 Highland Gardens Dr,North Las Vegas,NV,89031,271650,3,2.0,Highland Hills,1220,6098,2001,182,223,55,Sold,,,http://www.redfin.com/NV/North-Las-Vegas/6074-Highland-Gardens-Dr-89031/home/29853199,GLVAR,2265007,N,Y,36.2704905,-115.192876
PAST SALE,November-9-2020,Single Family Residential,4782 Priory Gardens St,Las Vegas,NV,89130,275500,4,3.5,Lone Mountain Torrey Pines,1686,1742,2007,332,163,62,Sold,,,http://www.redfin.com/NV/Las-Vegas/4782-N-Priory-Gardens-St-89130/home/29278555,GLVAR,2237595,N,Y,36.2464975,-115.2359009
PAST SALE,June-24-2021,Single Family Residential,4406 Cassandra Dr,North Las Vegas,NV,89032,350000,3,2.0,Vista Del Sol-Phase 3,1427,6534,1993,105,245,,Sold,,,http://www.redfin.com/NV/North-Las-Vegas/4406-Cassandra-Dr-89032/home/29244857,GLVAR,2297397,N,Y,36.2267737,-115.2006571
PAST SALE,August-26-2021,Single Family Residential,8285 Pearl Oasis,Las Vegas,NV,89139,450000,5,3.0,Blue Diamond Spgs,2782,4792,2007,42,162,20,Sold,,,http://www.redfin.com/NV/Las-Vegas/8285-S-Pearl-Oasis-Ct-89139/home/29608712,GLVAR,2320409,N,Y,36.0392464,-115.2009118
PAST SALE,October-9-2020,Single Family Residential,4765 Priory Gardens St,Las Vegas,NV,89130,273000,3,3.5,Lone Mountain Torrey Pines,1686,1742,2007,363,162,62,Sold,,,http://www.redfin.com/NV/Las-Vegas/4765-N-Priory-Gardens-St-89130/home/29278438,GLVAR,2225845,N,Y,36.246107,-115.236225
PAST SALE,December-20-2019,Single Family Residential,4754 Newby Hall Ct,Las Vegas,NV,89130,250000,4,3.5,LONE MOUNTAIN TORREY PINES,1686,1742,2006,657,148,52,Sold,,,http://www.redfin.com/NV/Las-Vegas/4754-Newby-Hall-Ct-89130/home/29278572,GLVAR,2154023,N,Y,36.2457875,-115.2364103
PAST SALE,June-28-2021,Single Family Residential,4334 Sparta Way,North Las Vegas,NV,89032,365000,3,2.5,Vista Del Sol-Phase 1,2236,7405,1991,101,163,,Sold,,,http://www.redfin.com/NV/North-Las-Vegas/4334-Sparta-Way-89032/home/29245101,GLVAR,2285967,N,Y,36.2275082,-115.1996844
PAST SALE,April-12-2021,Single Family Residential,3424 Redwood Ridge Way,North Las Vegas,NV,89031,260000,2,2.0,Colony,1077,5663,1995,178,241,,Sold,,,http://www.redfin.com/NV/North-Las-Vegas/3424-Redwood-Ridge-Way-89031/home/29081950,GLVAR,2279569,N,Y,36.2558829,-115.1866696
PAST SALE,September-15-2021,Single Family Residential,5235 Portland Ct,North Las Vegas,NV,89031,340000,4,2.0,Colony,1433,6534,1994,22,237,,Sold,,,http://www.redfin.com/NV/North-Las-Vegas/5235-Portland-Ct-89031/home/29081562,GLVAR,2314906,N,Y,36.2554344,-115.1888465
PAST SALE,March-23-2020,Single Family Residential,4777 Morton Manor Ct,Las Vegas,NV,89130,262000,4,3.5,LONE MOUNTAIN TORREY PINES,1686,1742,2006,563,155,52,Sold,,,http://www.redfin.com/NV/Las-Vegas/4777-Morton-Manor-Ct-89130/home/29278527,GLVAR,2175312,N,Y,36.2461953,-115.234419
PAST SALE,May-7-2020,Single Family Residential,5405 Lemhi Ct,North Las Vegas,NV,89031,280000,3,2.0,Allen Est,1283,6098,1996,518,218,,Sold,,,http://www.redfin.com/NV/North-Las-Vegas/5405-Lemhi-Ct-89031/home/29081679,GLVAR,2185869,N,Y,36.2580526,-115.1870864
PAST SALE,,Single Family Residential,5421 Dilly Cir,North Las Vegas,NV,89031,281000,3,2.0,,1211,6970,1996,,232,,,,,http://www.redfin.com/NV/North-Las-Vegas/5421-Dilly-Cir-89031/home/29081689,,,N,Y,36.2586805,-115.1878275
PAST SALE,July-13-2021,Single Family Residential,4793 Hampstead Heath Ct,Las Vegas,NV,89130,308000,4,3.5,LONE MOUNTAIN TORREY PINES,1686,1742,2006,86,183,52,Sold,,,http://www.redfin.com/NV/Las-Vegas/4793-Hampstead-Heath-Ct-89130/home/29278516,GLVAR,2290499,N,Y,36.246787,-115.2347894
PAST SALE,May-26-2020,Single Family Residential,3517 Chedworth,North Las Vegas,NV,89031,265200,3,2.0,Somerset Est 1 Phase 1,1296,5663,1999,499,205,,Sold,,,http://www.redfin.com/NV/North-Las-Vegas/3517-Chedworth-Rd-89031/home/29081981,GLVAR,2182841,N,Y,36.2525499,-115.1869243
PAST SALE,August-31-2020,Single Family Residential,3509 Chedworth Rd,North Las Vegas,NV,89031,293500,3,2.0,Somerset Estate 1 Phase 1,1443,5663,1999,402,203,,Sold,,,http://www.redfin.com/NV/North-Las-Vegas/3509-Chedworth-Rd-89031/home/29081983,GLVAR,2212853,N,Y,36.252508,-115.186555
PAST SALE,,Single Family Residential,3612 Slapton Ave,North Las Vegas,NV,89031,290000,3,2.0,,1507,5663,1995,,192,,,,,http://www.redfin.com/NV/North-Las-Vegas/3612-Slapton-Ave-89031/home/29081918,,,N,Y,36.2539726,-115.1881054
PAST SALE,August-5-2020,Single Family Residential,3433 Slapton,North Las Vegas,NV,89031,274500,3,2.0,Somerset Est 1 Phase 2,1443,5663,1999,428,190,,Sold,,,http://www.redfin.com/NV/North-Las-Vegas/3433-Slapton-Ave-89031/home/29081828,GLVAR,2187008,N,Y,36.2535353,-115.1861601
PAST SALE,January-10-2020,Single Family Residential,6503 Gilded Lantern Ave,Las Vegas,NV,89139,625000,4,4.0,PINNACLE 3 AT PINNACLE PEAKS,4996,11761,2004,636,125,60,Sold,,,http://www.redfin.com/NV/Las-Vegas/6503-Gilded-Lantern-Ave-89139/home/28990909,GLVAR,2149191,N,Y,36.0427967,-115.2348126
PAST SALE,February-11-2020,Single Family Residential,6718 Zephyr Wind Ave,Las Vegas,NV,89139,570000,5,3.5,PINNACLE PEAKS-TORREY PINES NO,5160,13068,2005,604,110,60,Sold,,,http://www.redfin.com/NV/Las-Vegas/6718-Zephyr-Wind-Ave-89139/home/29833074,GLVAR,2131173,N,Y,36.0502789,-115.2390731
PAST SALE,September-24-2021,Single Family Residential,6552 Gossamer Fog Ave,Las Vegas,NV,89139,715000,5,3.5,PINNACLE 3 AT PINNACLE PEAKS,4587,9148,2004,13,156,59,Sold,,,http://www.redfin.com/NV/Las-Vegas/6552-Gossamer-Fog-Ave-89139/home/28990916,GLVAR,2320898,N,Y,36.0424091,-115.2358314
PAST SALE,December-22-2020,Single Family Residential,6332 Woodbury Ave,Las Vegas,NV,89103,260000,3,2.0,American West,1359,6970,1974,289,191,,Sold,,,http://www.redfin.com/NV/Las-Vegas/6332-Woodbury-Ave-89103/home/29571937,GLVAR,2239450,N,Y,36.1121171,-115.2296953
PAST SALE,July-13-2021,Single Family Residential,4130 Blue Manor Ln,North Las Vegas,NV,89032,405000,5,3.0,Laredo At Davyn Ridge,2859,5663,2010,86,142,126,Sold,,,http://www.redfin.com/NV/North-Las-Vegas/4130-Blue-Manor-Ln-89032/home/30484660,GLVAR,2305338,N,Y,36.2276452,-115.1958866
PAST SALE,January-27-2021,Single Family Residential,6160 University Ave,Las Vegas,NV,89103,270000,3,2.0,American West,1188,7405,1974,253,227,,Sold,,,http://www.redfin.com/NV/Las-Vegas/6160-W-University-Ave-89103/home/29572436,GLVAR,2220782,N,Y,36.1092167,-115.2263146
PAST SALE,September-22-2021,Single Family Residential,6160 Craigmont Ave,Las Vegas,NV,89103,335000,3,2.0,American West,1986,7405,1974,15,169,,Sold,,,http://www.redfin.com/NV/Las-Vegas/6160-Craigmont-Ave-89103/home/29572431,GLVAR,2302242,N,Y,36.1099032,-115.2262683
PAST SALE,July-22-2020,Single Family Residential,6222 Woodbury,Las Vegas,NV,89103,280000,3,2.0,American West Unit #4,1249,6970,1974,442,224,,Sold,,,http://www.redfin.com/NV/Las-Vegas/6222-Woodbury-Ave-89103/home/29571943,GLVAR,2180017,N,Y,36.1120738,-115.2274955
PAST SALE,,Single Family Residential,7235 S Ullom Dr,Las Vegas,NV,89118,600000,3,2.0,,2640,23087,1979,,227,,,,,http://www.redfin.com/NV/Las-Vegas/7235-S-Ullom-Dr-89118/home/29595898,,,N,Y,36.0581644,-115.2063769
PAST SALE,,Single Family Residential,5009 Mick Pl,Las Vegas,NV,89103,283000,4,2.0,,1902,13504,1979,,149,,,,,http://www.redfin.com/NV/Las-Vegas/5009-Mick-Pl-89103/home/29542722,,,N,Y,36.1207728,-115.2093642
PAST SALE,May-4-2020,Single Family Residential,5405 Bible,North Las Vegas,NV,89031,250000,3,2.0,Allen Est,1283,6534,1995,521,195,,Sold,,,http://www.redfin.com/NV/North-Las-Vegas/5405-Bible-Cir-89031/home/29081743,GLVAR,2187835,N,Y,36.2580256,-115.1888002
PAST SALE,January-13-2020,Single Family Residential,6220 Dartle St,Las Vegas,NV,89130,398000,4,3.5,COPPERFIELD,3468,12197,2001,633,115,50,Sold,,,http://www.redfin.com/NV/Las-Vegas/6220-Dartle-St-89130/home/29094447,GLVAR,2111371,N,Y,36.2733017,-115.2254347
PAST SALE,February-12-2021,Single Family Residential,6530 Blue Ember Ave,Las Vegas,NV,89130,354334,4,3.0,Mirage Landings,2114,3500,2020,237,168,46,Sold,,,http://www.redfin.com/NV/Las-Vegas/6530-Blue-Ember-Ave-89130/home/167627549,GLVAR,2247391,N,Y,36.2505499,-115.2395987
PAST SALE,,Single Family Residential,5725 Manito Cir,Las Vegas,NV,89130,280000,3,2.0,,1584,11761,1990,,177,,,,,http://www.redfin.com/NV/Las-Vegas/5725-Manito-Cir-89130/home/29115866,,,N,Y,36.2417303,-115.221776
PAST SALE,September-24-2021,Single Family Residential,3337 Strawberry Roan Rd,North Las Vegas,NV,89032,319000,3,2.0,Silverwood Ranch,1336,4356,2002,13,239,23,Sold,,,http://www.redfin.com/NV/North-Las-Vegas/3337-Strawberry-Roan-Rd-89032/home/29923123,GLVAR,2322408,N,Y,36.220358,-115.2037601
PAST SALE,February-18-2020,Single Family Residential,6520 Quantum Ln,Las Vegas,NV,89130,350000,5,3.0,NORTHSTAR EST UNIT 3,2072,7841,1993,597,169,,Sold,,,http://www.redfin.com/NV/Las-Vegas/6520-Quantum-Ln-89130/home/29100834,GLVAR,2164799,N,Y,36.2498229,-115.2370139
PAST SALE,April-16-2020,Single Family Residential,6625 Evening Grosbeak Pl,North Las Vegas,NV,89084,304000,4,2.5,PARCEL 16 AT ALIANTE UNIT 1,2790,4356,2005,539,109,19,Sold,,,http://www.redfin.com/NV/North-Las-Vegas/6625-Evening-Grosbeak-Pl-89084/home/29047929,GLVAR,2168869,N,Y,36.2803236,-115.1939876
PAST SALE,June-4-2020,Single Family Residential,4713 Golden Palomino Ln,Las Vegas,NV,89032,305000,4,2.0,Silverwood Ranch Unit 1,1964,6098,1995,490,155,26,Sold,,,http://www.redfin.com/NV/North-Las-Vegas/4713-Golden-Palomino-Ln-89032/home/29244999,GLVAR,2193329,N,Y,36.2235854,-115.2067243
PAST SALE,March-2-2020,Single Family Residential,333 Redstone St,Las Vegas,NV,89145,294500,4,2.0,CHARLESTON RAINBOW UNIT #06A,1519,8712,1969,584,194,,Sold,,,http://www.redfin.com/NV/Las-Vegas/333-Redstone-St-89145/home/29225453,GLVAR,2171743,N,Y,36.1689248,-115.2466909
PAST SALE,June-8-2021,Single Family Residential,6481 Arbury Hall Ct,Las Vegas,NV,89130,305000,3,3.5,Lone Mountain Torrey Pines,1686,1742,2007,121,181,62,Sold,,,http://www.redfin.com/NV/Las-Vegas/6481-Arbury-Hall-89130/home/29278455,GLVAR,2291107,N,Y,36.2466733,-115.2361787
PAST SALE,January-22-2020,Single Family Residential,7029 Edwin Aldrin Cir,Las Vegas,NV,89145,238000,3,2.0,CHARLESTON RAINBOW UNIT #11B,1620,8276,1974,624,147,,Sold,,,http://www.redfin.com/NV/Las-Vegas/7029-Edwin-Aldrin-Cir-89145/home/29224693,GLVAR,2156931,N,Y,36.1614989,-115.2530351
PAST SALE,October-15-2019,Single Family Residential,6605 Pleasant Plains Way,Las Vegas,NV,89108,224500,3,2.0,WOODCREST UNIT #3,1188,4356,1985,723,189,22,Sold,,,http://www.redfin.com/NV/Las-Vegas/6605-W-Pleasant-Plains-Way-89108/home/29131674,GLVAR,2112465,N,Y,36.2286713,-115.2396056
PAST SALE,January-31-2020,Single Family Residential,3942 Cutting Horse Ave,North Las Vegas,NV,89032,240000,3,2.0,LAS BRISAS NORTE PHASE 2,1171,6098,1994,615,205,,Sold,,,http://www.redfin.com/NV/North-Las-Vegas/3942-Cutting-Horse-Ave-89032/home/29243030,GLVAR,2151228,N,Y,36.2334018,-115.1941266
PAST SALE,June-17-2021,Single Family Residential,4125 Buteo Ln,North Las Vegas,NV,89084,335000,3,2.5,Parcel 16 At Aliante,1668,3920,2005,112,201,,Sold,,,http://www.redfin.com/NV/North-Las-Vegas/4125-Buteo-Ln-89084/home/29047968,GLVAR,2297232,N,Y,36.2789921,-115.1951455
PAST SALE,January-26-2021,Single Family Residential,7250 Polaris,Las Vegas,NV,89118,465000,5,2.5,Survey File 25 Page 11,3090,26572,1975,254,150,,Sold,,,http://www.redfin.com/NV/Las-Vegas/7250-Polaris-Ave-89118/home/29595437,GLVAR,2185057,N,Y,36.0582089,-115.1854653
PAST SALE,October-31-2019,Single Family Residential,4240 Thunder Twice St,Las Vegas,NV,89129,395000,5,2.5,MAYFIELD UNIT 4A,3723,5663,2004,707,106,25,Sold,,,http://www.redfin.com/NV/Las-Vegas/4240-N-Thunder-Twice-St-89129/home/28986864,GLVAR,2134553,N,Y,36.2378951,-115.2550031
PAST SALE,November-22-2019,Single Family Residential,6416 Ouida Way,Las Vegas,NV,89108,247000,3,2.0,MIRAMONTE EST NORTH #01,1294,6534,1979,685,191,,Sold,,,http://www.redfin.com/NV/Las-Vegas/6416-W-Ouida-Way-89108/home/29117774,GLVAR,2120375,N,Y,36.2342811,-115.2356693
PAST SALE,May-6-2020,Single Family Residential,3905 Linniki St,North Las Vegas,NV,89032,290000,3,2.0,LAS BRISAS NORTE PHASE 2A,1618,6098,1994,519,179,,Sold,,,http://www.redfin.com/NV/North-Las-Vegas/3905-Linniki-St-89032/home/29243007,GLVAR,2173427,N,Y,36.2337129,-115.1922971
PAST SALE,January-17-2020,Single Family Residential,3321 Gold Run St,North Las Vegas,NV,89032,228000,3,2.5,SUTTER CREEK-PHASE 2,1305,3049,2000,629,175,85,Sold,,,http://www.redfin.com/NV/North-Las-Vegas/3321-Gold-Run-St-89032/home/29249364,GLVAR,2119438,N,Y,36.2204186,-115.1875496
PAST SALE,July-29-2021,Single Family Residential,3319 Sutters Fort St,North Las Vegas,NV,89032,300000,3,2.0,Sutter Creek-Phase 1,1104,3920,1999,70,272,80,Sold,,,http://www.redfin.com/NV/North-Las-Vegas/3319-Sutter-s-Fort-St-89032/home/29249565,GLVAR,2298185,N,Y,36.2203026,-115.1882444
PAST SALE,January-27-2021,Single Family Residential,6121 Crystal Talon St,Las Vegas,NV,89130,365000,5,3.0,Eagle Creek Estate North,2275,4792,2000,253,160,52,Sold,,,http://www.redfin.com/NV/Las-Vegas/6121-Crystal-Talon-St-89130/home/29824005,GLVAR,2254579,N,Y,36.271175,-115.2181174
PAST SALE,July-30-2021,Single Family Residential,4105 Buteo Ln,North Las Vegas,NV,89084,381000,3,2.5,Parcel 16 At Aliante,2324,5227,2006,69,164,,Sold,,,http://www.redfin.com/NV/North-Las-Vegas/4105-Buteo-Ln-89084/home/29047963,GLVAR,2296353,N,Y,36.279424,-115.194636
PAST SALE,June-10-2020,Single Family Residential,4460 Meadowlark Wing,North Las Vegas,NV,89084,295000,3,2.0,Cove At Aliante,1598,5663,2006,484,185,36,Sold,,,http://www.redfin.com/NV/North-Las-Vegas/4460-Meadowlark-Wing-Way-89084/home/29046751,GLVAR,2189613,N,Y,36.2835329,-115.2023244
PAST SALE,September-23-2021,Single Family Residential,4425 Valley Quail Way,North Las Vegas,NV,89084,408000,3,2.0,Cove At Aliante,1924,6534,2005,14,212,39,Sold,,,http://www.redfin.com/NV/North-Las-Vegas/4425-Valley-Quail-Way-89084/home/29046794,GLVAR,2325146,N,Y,36.2823177,-115.2008423
PAST SALE,February-26-2021,Single Family Residential,5421 Eagle Claw Ave,Las Vegas,NV,89130,320000,4,2.0,Eagle Creek 2-Phase 1,1585,5227,2000,223,202,66,Sold,,,http://www.redfin.com/NV/Las-Vegas/5421-Eagle-Claw-Ave-89130/home/29824601,GLVAR,2260580,N,Y,36.2735865,-115.2166585
PAST SALE,May-4-2021,Single Family Residential,4612 Catfish Bend Rd,North Las Vegas,NV,89031,382000,3,2.0,Riverwalk Ranch Cove,1914,7841,2009,156,200,20,Sold,,,http://www.redfin.com/NV/North-Las-Vegas/4612-Catfish-Bend-Rd-89031/home/29477651,GLVAR,2281797,N,Y,36.2641438,-115.204617
PAST SALE,March-18-2021,Single Family Residential,4532 Catfish Bend Rd,North Las Vegas,NV,89031,384999,4,3.0,Riverwalk Ranch Cove,1672,8712,2009,203,230,20,Sold,,,http://www.redfin.com/NV/North-Las-Vegas/4532-Catfish-Bend-Rd-89031/home/29477647,GLVAR,2270507,N,Y,36.2640512,-115.2039686
PAST SALE,September-4-2020,Single Family Residential,4012 Mantle Ave,North Las Vegas,NV,89084,408000,3,2.5,Aliante Parcels 14 & 18 Phase 2,2714,8276,2005,398,150,39,Sold,,,http://www.redfin.com/NV/North-Las-Vegas/4012-Mantle-Ave-89084/home/29048117,GLVAR,2211977,N,Y,36.2869789,-115.1937792
PAST SALE,,Single Family Residential,4004 Jungle Hawk Ln,North Las Vegas,NV,89084,280000,2,2.5,,1668,4356,2006,,168,,,,,http://www.redfin.com/NV/North-Las-Vegas/4004-Jungle-Hawk-Ln-89084/home/29059590,,,N,Y,36.2826692,-115.1936171
PAST SALE,April-26-2021,Single Family Residential,63 Belle Maison Ave,Las Vegas,NV,89123,300000,3,2.5,Belle Esprit-Phase 2,1428,1742,1998,164,210,110,Sold,,,http://www.redfin.com/NV/Las-Vegas/63-Belle-Maison-Ave-89123/home/29628532,GLVAR,2283182,N,Y,36.0150058,-115.1696244
PAST SALE,December-17-2020,Single Family Residential,3843 Alice Ln,Las Vegas,NV,89103,355000,4,2.5,Valley West 7 Phase 3,2106,10890,1979,294,169,,Sold,,,http://www.redfin.com/NV/Las-Vegas/3843-Alice-Ln-89103/home/29542768,GLVAR,2230756,N,Y,36.1197509,-115.2091326
PAST SALE,December-4-2019,Single Family Residential,6767 Sebring St,Las Vegas,NV,89103,205000,2,1.5,SPRING VALLEY COTTAGES,932,3920,1983,673,220,,Sold,,,http://www.redfin.com/NV/Las-Vegas/6767-Sebring-St-89103/home/29570416,GLVAR,2145389,N,Y,36.1044426,-115.240856
PAST SALE,January-22-2021,Single Family Residential,5725 Bullhead St,North Las Vegas,NV,89031,360000,4,2.0,Riverwalk Ranch Cove,2397,6534,2009,258,150,39,Sold,,,http://www.redfin.com/NV/North-Las-Vegas/5725-Bullhead-St-89031/home/29477231,GLVAR,2257251,N,Y,36.2642303,-115.2034359
PAST SALE,January-8-2020,Single Family Residential,4436 Oberlander Ave,North Las Vegas,NV,89031,260000,4,2.5,MARAVILLA UNIT 2,1945,2614,2005,638,134,115,Sold,,,http://www.redfin.com/NV/North-Las-Vegas/4436-Oberlander-Ave-89031/home/29005637,GLVAR,2145472,N,Y,36.2621384,-115.2012591
PAST SALE,October-26-2020,Single Family Residential,6912 Auklet Ln,North Las Vegas,NV,89084,406000,4,3.0,Aliante Parcels 14 & 18 Phase 1,2640,7405,2005,346,154,45,Sold,,,http://www.redfin.com/NV/North-Las-Vegas/6912-Auklet-St-89084/home/29017874,GLVAR,2231121,N,Y,36.2856451,-115.1946823
PAST SALE,February-3-2021,Single Family Residential,5712 Mount Athos St,North Las Vegas,NV,89031,270000,3,2.0,Maravilla,2006,3049,2004,246,135,120,Sold,,,http://www.redfin.com/NV/North-Las-Vegas/5712-Mt-Athos-St-89031/home/28982909,GLVAR,2254848,N,Y,36.263631,-115.2018612
PAST SALE,June-29-2021,Single Family Residential,4424 Acropolis Ave,North Las Vegas,NV,89031,325000,4,2.5,Maravilla,1945,2614,2004,100,167,115,Sold,,,http://www.redfin.com/NV/North-Las-Vegas/4424-Acropolis-Ave-89031/home/28977673,GLVAR,2289856,N,Y,36.2650195,-115.2009813
PAST SALE,August-31-2020,Single Family Residential,4113 Falcons Flight Ave,Las Vegas,NV,89084,510000,6,4.0,Astoria At Aliante-Parcel 17,4382,6534,2005,402,116,53,Sold,,,http://www.redfin.com/NV/North-Las-Vegas/4113-W-Falcons-Flight-Ave-89084/home/29017751,GLVAR,2218795,N,Y,36.289596,-115.195413
PAST SALE,June-30-2021,Single Family Residential,6674 Little Owl Pl,North Las Vegas,NV,89084,397500,3,2.5,Parcel 16 At Aliante,2311,3920,2006,99,172,58,Sold,,,http://www.redfin.com/NV/North-Las-Vegas/6674-Little-Owl-Pl-89084/home/29059545,GLVAR,2295760,N,Y,36.2815456,-115.1938487
PAST SALE,August-18-2021,Single Family Residential,4364 Altamira Cave Dr,Las Vegas,NV,89031,325000,4,2.5,Maravilla,2006,2614,2004,50,162,115,Sold,,,http://www.redfin.com/NV/North-Las-Vegas/4364-Altamira-Cave-Dr-89031/home/28982230,GLVAR,2317898,N,Y,36.264423,-115.2001013
PAST SALE,October-10-2019,Single Family Residential,4308 Rankin Ranch Ct,North Las Vegas,NV,89031,340830,5,3.0,VALLEY 3.3,2679,3920,2019,728,127,71,Sold,,,http://www.redfin.com/NV/NORTH-LAS-VEGAS/4308-RANKIN-RANCH-CT-89031/home/167610646,GLVAR,2078275,N,Y,36.272338,-115.198119
PAST SALE,July-26-2021,Single Family Residential,6920 Auklet Ln,North Las Vegas,NV,89084,444444,2,2.0,Aliante Parcels 14 & 18 Phase 1,1975,7405,2005,73,225,39,Sold,,,http://www.redfin.com/NV/North-Las-Vegas/6920-Auklet-St-89084/home/29017876,GLVAR,2304529,N,Y,36.2859017,-115.194335
PAST SALE,March-5-2020,Single Family Residential,6048 Paddleboat St,North Las Vegas,NV,89031,350000,5,3.0,RIVERWALK RANCH TWILIGHT,2961,4356,2012,581,118,55,Sold,,,http://www.redfin.com/NV/North-Las-Vegas/6048-Paddleboat-St-89031/home/45356350,GLVAR,2161253,N,Y,36.2703894,-115.1994297
PAST SALE,February-17-2021,Single Family Residential,4325 French Landing Rd,North Las Vegas,NV,89031,345000,3,2.5,Riverwalk Ranch Twilight,2451,5227,2010,232,141,60,Sold,,,http://www.redfin.com/NV/North-Las-Vegas/4325-French-Landing-Rd-89031/home/30288039,GLVAR,2251859,N,Y,36.2692367,-115.1981097
PAST SALE,July-9-2021,Single Family Residential,6917 Puetollano Dr,North Las Vegas,NV,89084,590000,5,3.0,Aliante North Parcel 19,3399,6534,2006,90,174,48,Sold,,,http://www.redfin.com/NV/North-Las-Vegas/6917-Puetollano-Dr-89084/home/29048124,GLVAR,2305108,N,Y,36.2858368,-115.1904676
PAST SALE,November-10-2020,Single Family Residential,3421 Gowan Rd,North Las Vegas,NV,89032,580000,6,3.0,,3850,30056,1983,331,151,,Sold,,,http://www.redfin.com/NV/North-Las-Vegas/3421-W-Gowan-Rd-89032/home/29249695,GLVAR,2158443,N,Y,36.2244977,-115.1862759
PAST SALE,August-25-2021,Single Family Residential,6418 Pawlow Ave,Las Vegas,NV,89118,260000,2,1.0,Foothill Villages Amd,912,6534,1977,43,285,,Sold,,,http://www.redfin.com/NV/Las-Vegas/6418-W-Pawlow-Ave-89118/home/29580363,GLVAR,2307250,N,Y,36.0988187,-115.2322424
PAST SALE,,Single Family Residential,4409 Duck Harbor Ave,North Las Vegas,NV,89031,310000,3,2.5,,2441,4792,2015,,127,,,,,http://www.redfin.com/NV/North-Las-Vegas/4409-Duck-Harbor-Ave-89031/home/92908473,,,N,Y,36.273781,-115.2001476
PAST SALE,October-30-2019,Single Family Residential,4365 Duck Harbor Ave,North Las Vegas,NV,89031,335000,3,2.5,CENTENNIAL SPRINGS - UNIT 1,2441,4792,2015,708,137,53,Sold,,,http://www.redfin.com/NV/North-Las-Vegas/4365-Duck-Harbor-Ave-89031/home/92908475,GLVAR,2117599,N,Y,36.2739247,-115.1996844
PAST SALE,,Single Family Residential,5324 Braemar Dr,Las Vegas,NV,89130,491000,3,2.5,,3369,15246,1993,,146,,,,,http://www.redfin.com/NV/Las-Vegas/5324-Braemar-Dr-89130/home/29102329,,,N,Y,36.2569655,-115.2174921
PAST SALE,September-20-2021,Single Family Residential,6308 Pecan Lake St,North Las Vegas,NV,89031,466000,4,3.0,Centennial Spgs,2591,4792,2014,17,180,54,Sold,,,http://www.redfin.com/NV/North-Las-Vegas/6308-Pecan-Lake-St-89031/home/58586700,GLVAR,2322548,N,Y,36.2746826,-115.1979199
PAST SALE,November-5-2019,Single Family Residential,3221 Epson St,Las Vegas,NV,89129,205000,3,2.5,AMERICAN WEST VILLAGE,1621,2178,1997,702,126,150,Sold,,,http://www.redfin.com/NV/Las-Vegas/3221-Epson-St-89129/home/29125946,GLVAR,2083143,N,Y,36.2197444,-115.2866987
PAST SALE,October-31-2019,Single Family Residential,5121 Kingsbridge Dr #306,Las Vegas,NV,89130,230000,2,2.0,LOS PRADOS PHASE 1-UNIT 2,1482,4792,1990,707,155,251,Sold,,,http://www.redfin.com/NV/Las-Vegas/5121-Kingsbridge-89130/unit-306/home/168621405,GLVAR,2122069,N,Y,36.252767,-115.220586
PAST SALE,,Single Family Residential,3930 Blue Coral Dr,North Las Vegas,NV,89032,313000,4,2.0,,1718,9583,1995,,182,,,,,http://www.redfin.com/NV/North-Las-Vegas/3930-Blue-Coral-Dr-89032/home/29248640,,,N,Y,36.2245159,-115.193015
PAST SALE,January-16-2020,Single Family Residential,3324 Oeste Vista St,Las Vegas,NV,89129,308000,3,2.0,VISTA PAGEANTRY,1520,7405,1995,630,203,,Sold,,,http://www.redfin.com/NV/Las-Vegas/3324-Oeste-Vista-St-89129/home/29124446,GLVAR,2159730,N,Y,36.2219893,-115.2883656
PAST SALE,December-13-2019,Single Family Residential,3476 Wordsworth St,Las Vegas,NV,89129,251000,3,2.5,AMERICAN WEST VILLAGE,1347,1742,1997,664,186,152,Sold,,,http://www.redfin.com/NV/Las-Vegas/3476-Wordsworth-St-89129/home/29124704,GLVAR,2140678,N,Y,36.223895,-115.2883656
PAST SALE,,Single Family Residential,6104 Rymer Ct,Las Vegas,NV,89130,270000,3,2.0,,1573,6970,1988,,172,,,,,http://www.redfin.com/NV/Las-Vegas/6104-Rymer-Ct-89130/home/29118335,,,N,Y,36.2440253,-115.2264072
PAST SALE,February-25-2020,Single Family Residential,6264 Lapilli Ave,Las Vegas,NV,89139,222000,2,2.5,WARM SPRINGS BRONCO AT PINNACL,1128,1742,2004,590,197,80,Sold,,,http://www.redfin.com/NV/Las-Vegas/6264-Lapilli-Ave-89139/home/29005667,GLVAR,2144242,N,Y,36.0555457,-115.2286301
PAST SALE,February-20-2020,Single Family Residential,6612 Virtuoso Ct,Las Vegas,NV,89139,310000,2,2.5,SONATA WITHIN PINNACLE PEAKS P,1855,3049,2005,595,167,19,Sold,,,http://www.redfin.com/NV/Las-Vegas/6612-Virtuoso-Ct-89139/home/29014756,GLVAR,2145461,N,Y,36.0396358,-115.2371049
PAST SALE,,Single Family Residential,6108 Rymer Ct,Las Vegas,NV,89130,314700,4,2.0,,1804,6534,1988,,174,,,,,http://www.redfin.com/NV/Las-Vegas/6108-Rymer-Ct-89130/home/29118340,,,N,Y,36.2440631,-115.2265924
PAST SALE,December-31-2020,Single Family Residential,3930 Drifting Pelican Ct,North Las Vegas,NV,89032,300000,4,2.0,Pacific Breeze,1718,9148,1996,280,175,,Sold,,,http://www.redfin.com/NV/North-Las-Vegas/3930-Drifting-Pelican-Ct-89032/home/29247401,GLVAR,2247155,N,Y,36.2238113,-115.1929686
PAST SALE,,Single Family Residential,6412 Churchfield Blvd,Las Vegas,NV,89103,125603,3,2.0,,1202,6534,1977,,104,,,,,http://www.redfin.com/NV/Las-Vegas/6412-Churchfield-Blvd-89103/home/29573097,,,N,Y,36.105473,-115.2320108
PAST SALE,April-9-2020,Single Family Residential,3855 El Camino,Las Vegas,NV,89103,293499,3,2.0,Flamingo West Unit #2,1634,7405,1977,546,180,,Sold,,,http://www.redfin.com/NV/Las-Vegas/3855-El-Camino-Rd-89103/home/29545361,GLVAR,2178886,N,Y,36.1189571,-115.2296953
PAST SALE,February-5-2020,Single Family Residential,6708 Starshell Bay Ave,Las Vegas,NV,89139,365000,4,2.5,PINNACLE PEAKS-TORREY PINES SO,2842,6970,2001,610,128,18,Sold,,,http://www.redfin.com/NV/Las-Vegas/6708-Starshell-Bay-Ave-89139/home/29834451,GLVAR,2157945,N,Y,36.0469609,-115.2390499
PAST SALE,March-5-2020,Single Family Residential,6292 Huntington Ridge Ave,Las Vegas,NV,89139,279900,2,2.5,LAMPLIGHT SQUARE AT PINNACLE P,1505,3920,2003,581,186,156,Sold,,,http://www.redfin.com/NV/Las-Vegas/6292-Huntington-Ridge-Ave-89139/home/28992328,GLVAR,2175446,N,Y,36.0381508,-115.2298805
PAST SALE,September-17-2021,Single Family Residential,4625 Mancilla St,Las Vegas,NV,89130,461900,4,3.0,Rancho Alta Mira,2064,10454,1996,20,224,13,Sold,,,http://www.redfin.com/NV/Las-Vegas/4625-Mancilla-St-89130/home/29115730,GLVAR,2315121,N,Y,36.2446175,-115.2209424
PAST SALE,January-14-2020,Single Family Residential,5042 Silent Valley Ave,Las Vegas,NV,89139,281000,3,2.5,SUNSET PASS UNIT 1,1793,3049,2007,632,157,50,Sold,,,http://www.redfin.com/NV/Las-Vegas/5042-Silent-Valley-Ct-89139/home/29055012,GLVAR,2144774,N,Y,36.0349696,-115.2099662
PAST SALE,March-2-2020,Single Family Residential,6274 Hopeful Light Ave,Las Vegas,NV,89139,295000,3,3.0,LAMPLIGHT SQUARE AT PINNACLE P,1787,3049,2004,584,165,142,Sold,,,http://www.redfin.com/NV/Las-Vegas/6274-Hopeful-Light-Ave-89139/home/29002334,GLVAR,2153313,N,Y,36.0360359,-115.2293711
PAST SALE,August-3-2020,Single Family Residential,5921 Blush,Las Vegas,NV,89130,289900,3,2.0,Crimson Ridge,1276,6970,1994,430,227,15,Sold,,,http://www.redfin.com/NV/Las-Vegas/5921-Blush-Ave-89130/home/29114914,GLVAR,2199321,N,Y,36.2456703,-115.22474
PAST SALE,July-9-2021,Single Family Residential,3904 W Delhi Ave,North Las Vegas,NV,89032,350000,5,2.0,Pacific Breeze,1908,6098,1997,90,183,,Sold,,,http://www.redfin.com/NV/North-Las-Vegas/3904-W-Delhi-Ave-89032/home/29247395,GLVAR,2298434,N,Y,36.2231592,-115.1916255
PAST SALE,February-24-2020,Single Family Residential,6054 Sonoma Station Ave,Las Vegas,NV,89139,250000,3,2.5,HIGHLANDS RANCH UNIT 5,1190,3049,2009,591,210,21,Sold,,,http://www.redfin.com/NV/Las-Vegas/6054-W-Sonoma-Station-Ave-89139/home/29799522,GLVAR,2163811,N,Y,36.015653,-115.2249252
PAST SALE,March-10-2020,Single Family Residential,11017 Sundad St,Las Vegas,NV,89179,295000,3,2.5,CHACO CANYON AT MOUNTAINS EDGE,1740,3485,2008,576,170,,Sold,,,http://www.redfin.com/NV/Las-Vegas/11017-Sundad-St-89179/home/29791492,GLVAR,2134337,N,Y,35.9893248,-115.2505345
PAST SALE,April-6-2020,Single Family Residential,5624 Lost Tree,Las Vegas,NV,89130,300000,2,2.0,Los Prados Phase 1 Unit 1,1511,6534,1989,549,199,184,Sold,,,http://www.redfin.com/NV/Las-Vegas/5624-Lost-Tree-Cir-89130/home/29102657,GLVAR,2179199,N,Y,36.2471685,-115.2204561
PAST SALE,November-29-2019,Single Family Residential,7050 Foggy Mist Ave,Las Vegas,NV,89179,380000,4,3.5,PODS 224 & 225 MOUNTAIN'S EDGE,2563,5227,2013,678,148,,Sold,,,http://www.redfin.com/NV/Las-Vegas/7050-Foggy-Mist-Ave-89179/home/40036576,GLVAR,2124508,N,Y,35.9975602,-115.2465751
PAST SALE,December-24-2019,Single Family Residential,7346 Charreado Ct,Las Vegas,NV,89179,325000,3,2.5,CHACO CANYON AT MOUNTAINS EDGE,2013,5227,2008,653,161,42,Sold,,,http://www.redfin.com/NV/Las-Vegas/7346-Charreado-Ct-89179/home/29769684,GLVAR,2110655,N,Y,35.9890202,-115.2522478
PAST SALE,July-15-2020,Single Family Residential,6242 Chert Ave,Las Vegas,NV,89139,227000,2,2.5,WARM SPRINGS BRONCO AT PINNACL,1277,1742,2005,449,178,78,Sold,,,http://www.redfin.com/NV/Las-Vegas/6242-Chert-Ave-89139/home/29007531,GLVAR,2172393,N,Y,36.0558884,-115.228167
PAST SALE,November-7-2019,Single Family Residential,3716 Alderwood Dr,North Las Vegas,NV,89032,257000,3,2.0,WEDGEWOOD EST,1306,5227,1993,700,197,,Sold,,,http://www.redfin.com/NV/North-Las-Vegas/3716-Alderwood-Dr-89032/home/29247373,GLVAR,2139315,N,Y,36.2245194,-115.1896339
PAST SALE,August-19-2020,Single Family Residential,4333 Newcastle,Las Vegas,NV,89103,330000,3,2.5,Laurelwood Spring Valley,1832,7405,1986,414,180,,Sold,,,http://www.redfin.com/NV/Las-Vegas/4333-Newcastle-Rd-89103/home/29569113,GLVAR,2197473,N,Y,36.1104591,-115.2386795
PAST SALE,,Single Family Residential,6029 Stern Cove Ct,North Las Vegas,NV,89031,300000,4,2.0,,1602,4792,2010,,187,,,,,http://www.redfin.com/NV/North-Las-Vegas/6029-Stern-Cove-Ct-89031/home/40233193,,,N,Y,36.2699297,-115.2012128
PAST SALE,,Single Family Residential,4205 Mountain Rose Ave,North Las Vegas,NV,89031,251500,3,2.0,,1494,6534,2003,,168,,,,,http://www.redfin.com/NV/North-Las-Vegas/4205-Mountain-Rose-Ave-89031/home/29951227,,,N,Y,36.2657772,-115.1967202
PAST SALE,June-30-2020,Single Family Residential,6256 Chert,Las Vegas,NV,89139,230000,2,2.5,Warm Springs Bronco At Pinnacle Peaks-Unit 2,1277,1742,2004,464,180,78,Sold,,,http://www.redfin.com/NV/Las-Vegas/6256-Chert-Ave-89139/home/29004632,GLVAR,2193690,N,Y,36.0558775,-115.2285259
PAST SALE,,Single Family Residential,5938 Creekside Sands Ln,North Las Vegas,NV,89031,450000,4,2.5,,2444,17424,2003,,184,,,,,http://www.redfin.com/NV/North-Las-Vegas/5938-Creekside-Sands-Ln-89031/home/29952354,,,N,Y,36.2681601,-115.1976002
PAST SALE,May-14-2021,Single Family Residential,5933 Gentle Creek Ln,North Las Vegas,NV,89032,390000,3,2.0,Creekside One,1712,6534,2003,146,228,28,Sold,,,http://www.redfin.com/NV/North-Las-Vegas/5933-Gentle-Creek-Ln-89031/home/29925655,GLVAR,2274084,N,Y,36.2679129,-115.196086
PAST SALE,September-1-2021,Single Family Residential,6241 Oread Ave,Las Vegas,NV,89139,305000,3,2.5,Warm Spgs Bronco At Pinnacle Peaks,1211,1742,2005,36,252,78,Sold,,,http://www.redfin.com/NV/Las-Vegas/6241-Oread-Ave-89139/home/29035199,GLVAR,2315860,N,Y,36.0535905,-115.2281207
PAST SALE,January-30-2020,Single Family Residential,3528 Silver Lantern Dr,North Las Vegas,NV,89032,223000,3,2.0,WEDGEWOOD EST,1406,5663,1994,616,159,,Sold,,,http://www.redfin.com/NV/North-Las-Vegas/3528-Silver-Lantern-Dr-89032/home/29247380,GLVAR,2151263,N,Y,36.2239541,-115.1890549
PAST SALE,July-29-2021,Single Family Residential,5949 Gentle Creek Ln,North Las Vegas,NV,89031,390000,4,2.0,Creekside One,1814,10019,2003,70,215,29,Sold,,,http://www.redfin.com/NV/North-Las-Vegas/5949-Gentle-Creek-Ln-89031/home/29925734,GLVAR,2302874,N,Y,36.2684682,-115.1965813
PAST SALE,December-21-2020,Single Family Residential,6031 Blue Autumn St,North Las Vegas,NV,89031,317000,3,2.5,Highland Hills,1946,4356,2003,290,163,55,Sold,,,http://www.redfin.com/NV/North-Las-Vegas/6031-Blue-Autumn-St-89031/home/29925795,GLVAR,2247649,N,Y,36.2699474,-115.196535
PAST SALE,September-14-2020,Single Family Residential,6213 Pangea Ave,Las Vegas,NV,89139,240000,3,2.5,Warm Spgs Bronco At Pinnacle Peaks,1230,1742,2005,388,195,78,Sold,,,http://www.redfin.com/NV/Las-Vegas/6213-Pangea-Ave-89139/home/29012312,GLVAR,2208494,N,Y,36.0543016,-115.2276113
PAST SALE,May-7-2021,Single Family Residential,6019 Blue Autumn St,North Las Vegas,NV,89031,365000,4,2.5,Highland Hills,1946,5227,2003,153,188,55,Sold,,,http://www.redfin.com/NV/North-Las-Vegas/6019-Blue-Autumn-St-89031/home/29925798,GLVAR,2284185,N,Y,36.2695504,-115.196535
PAST SALE,November-1-2019,Single Family Residential,6050 Blue Autumn St,North Las Vegas,NV,89031,295000,4,2.5,HIGHLAND HILLS UNIT 9,2194,6098,2003,706,134,60,Sold,,,http://www.redfin.com/NV/North-Las-Vegas/6050-Blue-Autumn-St-89031/home/29925815,GLVAR,2117624,N,Y,36.270557,-115.1961181
PAST SALE,September-18-2020,Single Family Residential,6263 Oread Ave,Las Vegas,NV,89139,245000,3,2.5,Warm Spgs Bronco At Pinnacle Peaks,1211,1742,2005,384,202,78,Sold,,,http://www.redfin.com/NV/Las-Vegas/6263-Oread-Ave-89139/home/29035260,GLVAR,2219047,N,Y,36.0535541,-115.2288154
PAST SALE,December-23-2019,Single Family Residential,3728 Colton Ave Lot 41,North Las Vegas,NV,89032,291800,3,2.0,COLTON & ALLEN,1750,6098,2019,654,167,50,Sold,,,http://www.redfin.com/NV/North-Las-Vegas/3728-W-Colton-Ave-89032/unit-41/home/169516114,GLVAR,2146290,N,Y,36.2213461,-115.1897448
PAST SALE,July-1-2021,Single Family Residential,6534 Minton Ct,Las Vegas,NV,89103,380000,3,2.0,Laurelwood Spring Valley,1771,7841,1977,98,215,,Sold,,,http://www.redfin.com/NV/Las-Vegas/6534-Minton-Ct-89103/home/29569305,GLVAR,2281781,N,Y,36.1117552,-115.2347582
PAST SALE,June-15-2020,Single Family Residential,6289 Cedarwood,Las Vegas,NV,89103,250000,2,2.0,Casa Linda,1260,6970,1977,479,198,,Sold,,,http://www.redfin.com/NV/Las-Vegas/6289-Cedarwood-Ave-89103/home/29545688,GLVAR,2195232,N,Y,36.1209006,-115.2291859
